downgrades #stocks #investing #tradeideas	$PCAR	-0.463
looking sexy morning DD break volume gone	$AMZN	0.678
@gerberkawasaki stock moved much since first weeks split still long term fan Emark	$SBUX	0.377
whole foods may feel price competition way go price wise compete kroger	$KR	0.129
apple's iphone se could better expected via @forbes @localytics @fiksu	$AAPL	0.395
NN stocks making new NN week highs big number	$TJX	0.458
there's reason can't get back DD within next NN years	$GOOGL	0.288
nice names watch tomorrow long DD short DD potential r/g short DD #stocks	$CVEO	-0.453
pivotal sees RR upside alphabet	$YHOO	0.372
good morning Emark here's trending among #investors morning	$DWTI	0.216
patents turn signal detector autonomous cars	$GOOGL	0.241
sftw investor long term stock recommendation costco wholesale corp ss NN	$COST	0.557
breaking NN week highs timing looks great	$IRDM	0.419
amazing NN market cap makes less profit sales watch NN valuation apple watch business Qmark	$FB	-0.641
stocks i'm watching buy targets NN NN NN	$CSX	0.344
google's decision sell robot business exposes growing pains @shiraovide via @bfly	$GOOGL	-0.289
higher expected much lower hmmm	$MSFT	0.43
facebook suddenly realizing snr problem newsfeeds took ya long enough #facebook	$FB	-0.147
qualcomm RR dividend increase rewards patient investors future looks bright	$QCOM	0.484
nice day rally Emark	$SLB	0.529
looking sales curious drop among #oversold	$CLDX	0.406
today's losers	$ENDP	-0.317
look #amazon &amp; #bezos done quietly #echo #alexa become next major platform	$AMZN	0.374
added NN	$REGN	0.589
apple need new tablet needs new tablet strategy	$AAPL	-0.195
#fastmoneyespresso final trades pete najarian —&gt; sell brian kelly —&gt; sell karen finerman —&gt; buy guy adami —&gt; buy	$RHT	-0.591
@sharkbiotech anyone selling/shorting b/c believe rumors realistic i'll take side trade	$AGN	0.422
@craigfalwell #tomsosnoff getting	$TSLA	-0.374
#fastmoneyespresso final trades pete najarian —&gt; sell brian kelly —&gt; sell karen finerman —&gt; buy guy adami —&gt; buy	$WYNN	0.489
costco less stellar day held NN day moving average	$COST	-0.14
NN weeks harvoni vedroprevir cures RR hard treat #hepatitis c #livermeeting #liverNN	$GILD	0.534
today bought	$ZNGA	0.087
unusual call activity	$XOP	0.332
marriott #cuba tremendous opportunity awaits	$MAR	0.456
bullish day trade setup open close RR RR wins avg NN RR &gt;	$NFLX	0.422
new #iphone chapter Qmark • demand ahead model • strongest growth still china • supply chain revisions bottomed –morgan stanley	$AAPL	0.532
reasons caution chinese stocks	$BABA	-0.317
doomed NN chart	$FB	-0.027
@fitbit outperforms cnbc column highlights google data provides favorable citron quote	$FIT	0.525
@wallstreet_rant @florentcapital NN/ inst ownership RR actually egregious anyways higher	$FDX	0.293
short per @jcspeNN	$TSLA	-0.603
@apple's peachy prospects #iphone maker worth DD share	$AAPL	0.339
buy NN stocks there's blood streets	$NXPI	0.415
top #netpayoutyields march	$MSI	0.426
dow worst performers chevron NN NN nike NN NN best performers ibm NN NN apple NN NN #stocks #investing	$NKE	-0.244
worst #sentiment #spNN #stocks market close RR/NN #stocktrading #predictiveanalytics #bigdata	$ISRG	-0.479
yahoo stock DD bidding war picks company	$YHOO	0.391
long	$AAPL	0.648
#fastmoneyespresso final trades pete najarian —&gt; sell brian kelly —&gt; sell karen finerman —&gt; buy guy adami —&gt; buy	$WFM	0.474
still weak gaining	$FB	-0.373
long	$SAVE	0.388
commented parkervision aggressive buy NN	$QCOM	0.306
branch medicine producing top rated stocks days Qmark found one	$DHR	0.428
impressive numbers oracle pops earnings; adobe poised follow via @thestreet #commerce #saas	$ORCL	0.443
closed buy NN NN lots NN NN NN NN pips total today NN NN pips visit trades	$NFLX	0.466
i've picking railroad stocks retirement acct NNRR last NN months	$CSX	0.441
ah bottom losses NN RR NN RR NN RR NN RR NN RR NN RR NN RR NN RR	$DAL	-0.575
watch NN getting ready sell premiumm	$PCLN	-0.441
jim cramer cisco synata deal game changer via thestreet	$CSCO	0.304
sounds bullish	$TSLA	0.23
fck bird Emark soaring buy first backtest broken resistance overbought #tradeideas #stocks	$TWTR	-0.085
rally friday Emark #newNNweekhighs big small RR fine weekend Emark	$ULTK	0.66
slipping	$FB	-0.289
play longs	$CANF	0.273
rally friday Emark #newNNweekhighs big small RR fine weekend Emark	$JNJ	0.66
facebook near buy point last week faces different technical test today	$NFLX	0.102
support @ NNsma bb lower band RR retrace prior move tomorrow dev conf good long trade tight stop	$FB	0.328
branch medicine producing top rated stocks days Qmark found one	$HSIC	0.428
long morning	$BAC	0.476
minnesota NNst quarter earnings season kicks fastenal NNq revenue NN RR earnings NN RR results short expectations	$FAST	-0.352
NN⃣NN⃣biggest market losers	$PTX	-0.438
commented apple need innovation sell rating	$GOOG	0.0
commented parkervision aggressive buy NN	$INTC	0.306
@dynaxjobs bullish analysts stock tickr michael james enterprises inc monday sold	$ZTS	-0.44
back highs energy play trying break NN day range NN NN long #stocks #investing #tradeideas	$UNT	0.244
yahoo facebook ad partnership talks via @theinformation	$YHOO	0.249
breakout watch tues	$SE	0.352
insiders selling facebook ford motor	$FB	-0.527
taking shine words	$FB	0.435
u airlines battle cuba routes	$JBLU	0.092
call sweepers stepping morning DD wait	$TSLA	0.343
launching marketing cloud Qmark even compete vs Qmark threaten data partnership still keeps relevant Qmark	$ADBE	-0.245
wondering catch bid today news sector taking beating recently could positive	$TFM	0.361
sector stocks leading today	$APC	0.454
NN million new internet users added globally every year	$JD	0.337
short setups looking nice really nice |	$ADS	-0.464
@mobile_reach @anshublog working local financing agents allow growing middle class india buy iphone se Emark	$AAPL	0.289
today's losers	$PANW	-0.317
@reutersbiz ahhh secret curing #overbought conditions stock good one @elonmusk Emark #autostocks	$TSLA	-0.262
nice day rally Emark	$FB	0.529
wondering catch bid today news sector taking beating recently could positive	$SFM	0.361
nice day rally Emark	$PG	0.529
daily mail general trust eyeing yahoo Emark bid meanwhile time inc also reported mulling offer	$YHOO	0.39
make hod longs @ NN NN NN NN	$WFM	0.49
omg omg excited Emark Emark Emark Emark	$AAPL	0.219
nice names watch tomorrow long DD short DD potential r/g short DD #stocks	$GOGO	-0.318
@jimcramer #facebook high flyers falling @tstrealmoney	$CRM	-0.501
commented parkervision aggressive buy NN	$PRKR	0.587
pt raised DD DD leerink keeps outperform rated	$ISRG	0.489
@starbucks brings upscale concept @midtownatl	$SBUX	0.22
isolationism Qmark another sell rating sell ratings spy qqq iwm several companies #apple	$AAPL	-0.513
oil break adding chevron	$IBM	0.666
&amp; strong tech leads dow higher	$AAPL	0.722
NN million new internet users added globally every year	$FB	0.337
bullish stocks twitter dip	$GOLD	0.408
unusual call buying NNx average volume NNx NNx NNx NNx NNx NNx NNx	$WY	0.336
markets back black NN #oil #optionstrategies	$TNA	0.271
would feel terribly good recent order today's recall	$TSLA	-0.126
still saying bullish lol	$TSLA	-0.038
short setups looking nice really nice |	$ETFC	-0.464
#tesla model x recall adds reliability issues	$TSLA	-0.267
stocks higher afternoon trade; intel nears buy point	$JPM	0.314
apparently intel thinks women get paid men concept Emark gender pay parity RR	$INTC	0.447
NN NN	$ENDP	0.646
j rae chipera placed order sell NN shares apple inc	$AAPL	-0.379
flying	$ADBE	0.361
unusual call buying NNx average volume NNx NNx NNx NNx NNx NNx NNx	$XLP	0.336
NN RR w/div since original call NN RR even w/ fri's div #emh damned still holding	$AAPL	0.523
#fintech provider cachet financial solutions surging forward today post earnings NN RR #momo	$CAFN	0.418
buy NN stocks there's blood streets	$IBM	0.415
dropping DDb market cap they're losing DDm business may tad bit overreaction	$AAPL	-0.015
short setups looking nice really nice |	$AL	-0.464
NN⃣NN⃣biggest market losers	$WBAI	-0.438
three black crows followed potential bear flag looking promising short term imo	$PNRA	-0.569
found good bull setups week &gt; let&#NN;s see mkt helps	$ECHO	0.448
speculation positive outcome w/ lung studyRR may see NNd filing soros icahn et al	$VLTC	0.33
prettiest candlesticks signs gap fill yet	$GMCR	0.0
homebuilders breaking support watch one	$RYL	-0.397
big dumping would touch	$AMD	-0.699
love types articles ss interest rose RR day hit lows	$TSLA	-0.405
added NN NN NN NN low	$SSO	0.626
rt @omillionaires @ace_man @ace_man @albertvr DD end week snatch ur NN Qmark blinked ur eye u missed	$JBL	0.257
NN$ less NN NN tape dont know avg vol may alot stock still NN every $ isthin	$FFIV	0.32
today&#NN;s close RR/NN i&#NN;m long longer term technical swing long basis	$AMTD	0.591
bot NN NN; bot NN NN;	$CHRW	0.437
broker shorts Qmark	$JRJC	-0.533
surprising see sales numbers still holding well guess high end might concern	$JWN	0.315
free net africa first roi piss investors big picture brilliant boy wonder visionary zuck Emark	$FB	0.355
look belooooooo	$SPY	-0.85
china overtake us largest online gaming market says report	$DSKY	0.226
rt @traderstewie wanna see NN awesomely bullish stocks Qmark Qmark Emark Emark check Emark Emark europe might mess people still shipping stuff Emark Emark	$FDX	0.68
nice volume watch NN resistance	$VRS	0.113
sells flat	$GS	-0.541
NN RR NN RR NN RR NN RR NN RR NN RR NN RR NN RR NN RR NN RR NN RR	$CAT	0.586
big money pouring facebook directions;	$FB	0.645
@vnotoNN follow sell signal internals [RR] &gt; technical sell [RR] &gt;	$QQQ	-0.541
NN RR NN RR NN RR NN RR NN RR NN RR NN RR NN RR NN RR NN RR NN RR	$X	0.144
published estimate estimize NN NN eps NN NN revs compared wall street&#NN;s consensus	$CF	0.315
&quot;@beckyhiu green lol make cover ugliness #ftw &lt; rs yesterday boom today	$EL	0.242
plan rest week holding stops accumulating pullback	$CELG	0.171
something big gonna happen much pre market trading going keep eyes open	$LPSN	0.0
rival companies watco eyeing w take interest	$GWR	0.041
strictly day trading one long short NN minute hit NN day bounced today	$AAPL	0.035
cold put dent massive horizontal rig production knows	$UGAZ	-0.237
three hot stocks today thanks @stkcon	$GMED	0.461
rt @dasan @tmtanalyst since mastered supply chain // cornering nand apple mastered everyone&#NN;s supply chain Emark	$AAPL	0.461
institutional ownership NN RR q/q NN NN NN net purchase	$INO	0.406
#sectorbreadth strongest sector industrials RR bullishness weakest energy RR	$XLI	0.545
facebook bull candle DD NN RR	$FB	0.335
end day scan stochastic overbought	$JDST	-0.385
meanwhile absolute garbage still stores totally empty inventory galore stock mispriced	$JOSB	-0.546
long position updating	$GOL	0.674
new hod NN NNx	$NOK	0.432
NN longs RR/NN close &gt;NN NN &gt;NN NN &gt;NN NN &gt;NN NN &gt;NN NN &gt;NN NN &gt;NN NN &gt;&gt;&gt; i&#NN;m NN RR Qmark	$PAL	0.511
ah beat	$FB	0.284
rt @cash_cow still rising rsi &amp; macd bond buying signaling bad moves market	$UUP	-0.361
RR since tue morning	$GPRO	-0.527
nov NN calls NN NN go long exp imo Emark unless europeans keeps f&#NN;ing around Emark	$ROST	0.414
bought little yesterday hoping earnings pop	$WFM	0.562
NN year weekly view long term uptrend broke NN year resistance looks primed upside	$AZPN	0.53
nasdaq sets breakout part ii | via @allstarcharts	$QCOM	0.528
gets NN patents goes DD gets patent goes NN today	$NEPT	0.432
qq case noticed short percent float NN RR	$HOV	-0.16
@julanna vendetta researched NN companies weekend gale stacks poorly insider ownership posting facts	$GALE	-0.314
took small position hopefully better outcome getting kneecapped selling dirt cheap NN NN	$KOG	0.344
continues base weekly chart selling last weeks	$ISRG	-0.047
see downside next two weeks careful NN dollars drop potential vs NN moved	$TSLA	-0.477
japan earnings RR topix companies reported yoy eps growth around RR far	$DXJ	0.316
making new highs year doesn&#NN;t normally produce great stocks trade DD may bad swing	$ETR	0.081
won&#NN;t matter beat er looking ahead investors nervous outlook	$AAPL	-0.357
money flow positive DDm	$INO	0.322
NN NN % megaphone watch	$UNG	-0.392
multiple expansion intact well Emark	$FB	0.281
&quot;@gwenn_caliente happened shorting DD neg pumpers oh you&#NN;re still	$FB	-0.373
running chart RR	$TSO	0.284
add positions posted earlier exit	$SKF	0.501
missed big time low NN&#NN;s back nov NN get punked one NN NN	$IDRA	0.306
get ready NN *flush*	$AAPL	-0.264
rt @montisumo day biotechs good load confident &gt;&gt; agreed downness	$ONTY	0.281
called back march still loving today	$INO	0.385
best stocks NN | via @reformedbroker	$AA	0.463
double bottom could keep mind	$AAPL	0.271
NNstar analyst joe wittine longbow research reiterated hold rating	$NTAP	0.214
still trouble resistance line resolve soon @cheriNN @strattonite	$UBNT	0.071
accumulation chart continues make new highs showing accumulation continuing take place	$LSCC	0.497
add positions posted earlier exit	$FXP	0.5
ca {head&amp;shoulders} bullish reversal setup breakout oil gas pipleline stock	$USO	0.441
sounds like cost cutting run course tom long needs find way turn around miller lite quickly	$TAP	-0.449
near hod	$DCTH	0.366
going read quarterlies listen calls bead one looking beat interesting already	$FNFG	-0.084
two dollar spec play Emark long term investment i&#NN;ve held since NN Emark ur penny scalps cost u w/irs Emark good luck lol	$AMD	-0.163
@vnotoNN follow sell signal internals [RR] &gt; technical sell [RR] &gt;	$NDX	-0.501
starting creep sits near hod	$SPY	-0.014
#NN forget chart invest elon fund acjieve misson faster would contribute without doubr Emark	$TSLA	0.327
@marketbullNN @botmuncher still position fri gl sleep tonight guess	$NUGT	0.381
close week minuscule NN RR gain lost handsome gains friday portfolio NN RR ytd	$ZIV	-0.059
@joekidd lost NN like NN days investment sure wish bad news came days earlier think i&#NN;ll go russia Emark	$C	-0.221
loaded yesterday looking good still think way upside downside	$BSX	0.664
one routing trades knight capital receivable going zero	$KCG	-0.343
next NN charts illustrate bullish weekly outcome	$SLV	0.119
@tenaciousvalor would buy wtsl prices i&#NN;m strapped waiting new ceo announcement &amp; etc news day	$APP	0.193
volume footprint looks great please take NN force Qmark	$MOS	-0.097
companies shld worried icloud	$MSFT	-0.329
gap fill NN NN still waiting	$FB	0.085
afternoon selloff usual brutal get ready lose ton money	$AAPL	-0.569
short don&#NN;t know means markets tank p	$FAZ	-0.605
good santa rally without improbable blow top finishing touch	$SPY	0.22
wrong berkowitz didn&#NN;t add NN NN shares added NN NN qNN NN NN NN NN NN NN NN … increase NN RR Emark	$SHLD	0.274
sierra great cash balance impressive growth rate would wonderful marriage Emark	$BBRY	0.493
strong NNin @above bollies	$FB	0.235
google soon start selling chromebooks walmart staples retailers coming soon	$GOOG	0.34
broke bull flag channel make new highs volume poor	$DPZ	0.369
NN top stocks nasdaq	$FLML	0.376
anyone else max pain NN week Emark Qmark	$AAPL	-0.063
oil prices oil stocks looking less cheap	$OAS	-0.42
got NN NN	$WRES	0.295
rt @ldrogen NN favorite stocks trends NN	$LNKD	0.401
patience buy precedes patience sell stocks well romance $$	$SPY	0.0
NN NN buy DD mental stop around DD target DD	$SFUN	0.437
@stefNN last year mkt fell debt downgrade early aug s&amp;pNN corrected RR dg due slow growth	$SPY	-0.159
run run NN RR	$AAPL	0.477
today&#NN;s close RR/NN i&#NN;m long longer term technical swing long basis	$TSLA	0.591
cien seems broken major horizontal resistance targets DD	$CIEN	0.345
close around DD it&#NN;s good sign tom continue upwards Emark Emark	$PAY	0.494
end day scan stochastic overbought	$HDGE	-0.516
time stomp dreams	$IWM	-0.258
speculation positive outcome w/ lung studyRR may see NNd filing soros icahn et al	$ISR	0.33
test NN NN coming	$XLF	0.152
people shortsighted opened red significantly day continue surge next week	$FXCM	0.509
rsi lowest level since october NN	$SPY	0.165
long setup macd cross	$TRX	0.438
NN RR NN RR NN RR NN RR NN RR NN RR NN RR NN RR NN RR NN RR NN RR	$FCX	0.339
trades gtim NN NN redf NN NN NN NN NN total NN	$YOKU	0.0
best stocks NN | via @reformedbroker	$ARCO	0.463
rt @flareNNx long NN NN/great find hope wold another still holding second RR	$PZZI	0.509
google soon start selling chromebooks walmart staples retailers coming soon	$WMT	0.196
found good bull setups week &gt; let&#NN;s see mkt helps	$PANW	0.448
watch bancos they&#NN;re holding relatively well compared broad market &lt; large c buying backburner	$XLF	0.394
ripe squeeze Emark	$SBUX	-0.216
beautifully orchestrated market would like know mm fb	$FB	0.152
NN$ less NN NN tape dont know avg vol may alot stock still NN every $ isthin	$SPY	0.177
@jssc don&#NN;t limit DD let run losing NN NN stop they/we buying	$UGAZ	0.473
frustrating every tall green bar gets followed immediately NN weeks consolidation	$BWLD	-0.136
&quot;alibaba ipo hoopla can’t hide risk chinese stocks&quot; #notforme	$SPY	-0.272
shorted gold/silver recently bottom enjoy bull run started $$	$AG	0.376
at&amp;t issues statement debt ceiling potential u government default	$T	-0.341
worst performers today RR RR RR NN RR / best stock RR	$MGM	-0.365
good news domestic automakers	$GM	0.413
saying peak fear mongering competition&#NN;s dying smartphone usage increasing watch coming	$AAPL	0.329
@theacsman thanks sanity amidst cheerleading around deal one cheerleaders show actual valuation work Qmark	$FB	-0.205
&quot;@drcooper buying weakness RR/NN &quot;	$DUST	0.511
three hot stocks today thanks @stkcon	$THRM	0.461
ready take Emark	$BBRY	0.472
need break DD	$NEON	0.132
@traderberlin i&#NN;m saavy drops DD i&#NN;m push investment another time	$NLY	-0.255
okay i&#NN;m looking add gold miner possibly lower pe tech name close/ tmrw watching	$IBM	0.425
daily chart though rsi stoch point possible move there&#NN;s lot resistance	$GLD	0.176
@thecatman fear let stock fall big time earnings put lowball offer	$BBRY	-0.455
selling cc	$MNKD	0.221
RR premarket ready lift	$IBIO	0.507
manipulation overall market improve apple surely moves lot overall indicators	$AAPL	0.433
@jlNN gots morning	$AEZS	0.514
erinn murphy piper jaffray thinks buy	$FINL	0.501
looks like longer term top building may take time quickie short fill least NNst gap NN NN	$CMG	0.099
would guessed would kill would suck lol	$GOOGL	-0.398
end day scan stochastic overbought	$AFSI	-0.516
european debt crisis entered dangerous new phase	$EUO	-0.331
looking good need RR stay support note broke area lighter volume good sign	$XLF	0.255
sees qNN NN total net revenues DD mln DD mln yoy growth rate approximately NN RR NN RR	$VIPS	0.305
still interesting finance play one since NN&#NN;s hold	$MS	0.305
broke downtrend line july ready launch NN day moving average	$ZLCS	0.309
stocks came screens longs	$INFN	0.431
steinerâ€™s spas sail wealthy defying downturn	$STNR	0.407
&quot;@zolio soars pre market business split announcement; rumors looking shed stake buyer &quot; lol	$HP	0.34
downgrade bias stock buy	$AAPL	0.498
pain	$RBCN	-0.4
tight price NN consecutive weeks	$RDEN	0.0
crazy Emark indexes engineered u little confidence prev hi beta hi performers	$REGN	0.384
lots nice setups energy liking whiting day	$CRZO	0.293
lots metal stocks look like NNRR run awaits long high quality names go metal prices cooperate	$NEM	0.394
bull move ended waiting next setup	$SPY	-0.204
trying lead higher gonna tough	$QQQ	0.256
praise bad bad bad rt @reuvenohr rt @traderflorida bought back shares today&lt; good u im ridin w/ ya Emark	$AAPL	0.243
sold xoma buy back april NN	$XOMA	-0.281
nice blurb	$BBRY	0.183
looking weak	$SLV	-0.352
new squeeze plays #stocks	$SWKS	-0.339
rt @alphatrends vmarkets still acting weak	$SPY	-0.443
end day scan stochastic overbought	$ASMB	-0.385
short/put positions looking good wait market downturn confirm	$NFLX	-0.485
institutions seem like class stocks NNRR shares	$HAL	0.422
china winners	$QIHU	0.452
got hit hard lower &gt; looks like found support NN NN	$NQ	-0.551
biggies must loading lows	$LINE	0.438
&quot;@harmongreg wkly inverse head shoulders forming triggers NN NN po least NN NN watching	$BBRY	0.394
weird day	$GPRO	0.619
embarrassing china numbers imagine facebook going china signing NN million users expectations	$TSLA	-0.312
curious know NN NN Qmark lnkd great doesnt potential side fb Qmark seems little high also	$CRM	-0.344
bounced target buy area bought hedge watch NNa&#NN;s slope	$SKF	0.466
possible target around NN NN neckline smaNN fork congestion	$SPY	0.162
long setup closed NNa macd cross november catalyst	$YMI	0.444
closed green Emark Emark Emark Emark bullish Emark lol	$FREE	0.622
NN today Emark	$AAPL	0.0
bumping head declining daily NNa overhead resistance big brother NNa	$SPY	-0.35
rt @joemccann correleation dollar index simply amazing finds support retreats like clockwork	$DX	0.504
hopefully peeps shorting scalps good swing NNst day run	$CAMT	-0.36
keep stock watch list much cause tape strange buying today	$ATU	0.271
NN ah gap tomorrow;	$VVUS	0.439
moved upper bollinger band	$RTN	0.498
rt @firstadopter seem long market comments Qmark lol thinking	$GS	0.525
acting tough big volume tape	$TTWO	0.243
NN RR NN NN weekly NN calls NN RR NN NN	$AAPL	0.144
@brianderNN bull bear way u cut	$GDX	0.0
would consider opportunity add position company right track still improving sales	$RAD	0.401
rt @alphatrends vmarkets still acting weak	$QQQ	-0.443
bear flag	$EMC	-0.535
yes buy everything world fine	$SPY	0.829
brent back NN what&#NN;s wti NN Qmark hahaha yes go NN&#NN;s soon	$USO	-0.353
us govt chasing joke case	$BAC	0.18
brand name big fail bet recover get bought year get highs lows	$APP	0.226
ah beat	$YELP	0.284
many times find top bottoms shorts start rejoicing bulls start rejoicing currently shorts rejoicing	$AMRN	-0.54
rt @mlp_protocol top upstream mlp ranked estimated NN yr forward yield tax undiscounted NN RR long	$BBEP	0.537
looks like might break i&#NN;m	$CAMT	-0.516
rt @flareNNx long NN NN/great find hope wold another still holding second RR	$ANLY	0.509
bot NN NN; bot NN NN;	$EZPW	0.437
like &gt; NN NN trade NN sma &amp; RR fib NN month range RR short int &amp; reports RR	$NVDA	0.374
short	$KMB	-0.633
chunk dec DD puts bought NNâ¢ opening	$TWTR	-0.601
getting attention NN nyse NN top buying list	$JOE	0.788
it’s time buy energy stocks yet Emark	$WTIC	-0.382
NN coming quick fed supports markets NN	$MA	0.296
breaking market pulls back	$KEP	0.413
european debt crisis entered dangerous new phase	$BUNL	-0.331
stocks came screens longs	$DM	0.431
@howardlindzon true short market using plenty reverse etf&#NN;s alternative rather bubble creation	$SPY	-0.541
NN conviction i&#NN;m buyer good ride NN Emark	$VHC	0.585
ca competitors worry blackberry inevitable successor northern telecom much competent leadership	$BBRY	0.27
moved upper bollinger band	$TEL	0.498
icymi NN shorts	$BBRY	-0.53
NN NN highest close since nov NNth day gap	$VELT	0.387
come go Emark tired seeing go	$AAPL	-0.085
ascending base breakout starting gain traction; strong stock	$NSM	0.733
@pieman much would like capture back market share cleary surpassed bb long time aka android	$BBRY	-0.274
going	$SPX	-0.559
end day scan stochastic overbought	$LPG	-0.385
rowan expands share repurchase program DD million	$RDC	0.285
may risky rush i&#NN;ll give Emark make sure don&#NN;t go long money play safe long	$GTAT	0.335
@hashtag_bullish yeah Qmark even looking pretty attractive versus pig sox trading @ NNx reported earning	$EWZ	0.393
closed short position small gain interested options expiring worthless	$PLUG	0.143
move bring close see	$SPX	-0.462
holding well today	$PCLN	0.318
gapping time highs #tradeideas	$NKE	0.782
#outlook #qNN NN #lost revenue range DD million DD million good	$LULU	-0.43
eur/usd finding support near NN NN level	$FXE	0.259
blackberry messenger second facebook user loyalty says new study ca	$FB	0.158
train cellar &quot;@sspencer_smb w bottom looks like confirmation hold NN NN	$SPY	0.259
indexes &amp; industry groups track closed friday rs line new highs	$FPX	0.371
beautiful trend/base technicals pointing solid accumulation @caballoblanco looks good weekly next	$DTV	0.645
heading back DD region really needs hold NN&#NN;s sure goes without news	$APP	-0.25
i&#NN;m hearing &quot;secret&quot; partner purchased millions new zNN&#NN;s actually mobile Qmark Qmark Qmark Emark Emark Emark smell partnership/buyout Qmark	$BBRY	0.295
congress probably long f*cking right Qmark	$UAL	0.29
loooooongggggg base	$CHRM	0.557
&amp; want go morning it&#NN;s time looking chart	$NUGT	0.28
today&#NN;s close RR/NN i&#NN;m long longer term technical swing long basis	$FB	0.591
buying last round shorts next week bring average bought ladders tripplying	$TZA	-0.339
stock winner	$AMRN	0.451
stomach high risk left that&#NN;s extremely sensitive nasdaq	$PLUG	-0.151
@billy_d_scrillions men sell puts	$SVXY	0.092
@chartlooker still screen	$TSLA	0.377
RR run watch list winner can&#NN;t blame anyone taking profits today	$FAS	0.066
upside today thing severe low float catalyst guy run	$RCON	0.254
shorts made killing last couple days might make cover buy back Qmark	$HLF	-0.529
stuff looking add shares get new high breakout	$OCN	0.421
wkNN NN NN NN watching spy NN min sto push note price NNa rush wait buyers	$SPY	-0.035
staying strong	$IBM	0.532
NNd systems ddd stock receives ratings downgrade today jefferies	$DDD	-0.501
heavy volume alert NN NN split defensive cyclical sectors edge offered	$XLI	0.025
&quot;@drcooper buying weakness RR/NN &quot;	$NUGT	0.511
looks weak v bottom yet may around NN levels see stay short spy till	$SPY	-0.504
small pos short NN wkly puts	$NFLX	-0.597
would guessed would kill would suck lol	$GOOG	-0.404
closer inspection resistance NN points north NNd downward trendline chart NN NN	$GLD	-0.143
real assets energy trading company	$PBR	0.432
eur/usd finding support near NN NN level	$UUP	0.259
google inc completes acquisition icoa inc	$ICOA	0.267
looking continuation volume increase	$AXP	0.308
gold miners bullish percent index weekly RR/NN	$BPGDM	0.0
quality stocks high cash returns	$SFUN	0.274
reporting today reward better good earnings sold NN last two days yet rallied	$TLM	0.326
rt @bmanNN looks primed also poised run	$EGHT	0.4
play tmrw NN RR NN NN NN NN NN NNcc NN NN RR NN NN NNcc watch housing sector NN NN RR NN NN	$LEAP	0.805
beaten hated etc / hhhmm opposite NN&gt; happens next Qmark	$AAPL	-0.303
china winners	$SFUN	0.452
shares RR hours; qNN eps NNc beats NNc; sees qNN adj eps NNc vs cons NNc sales DD$DDb vs cons DDb	$ADBE	0.552
seriously nothing says strong growth like well played	$XLU	0.312
@aceofspades sell credit spread may one money call credit spread	$HLF	0.311
hitting everything sight short twtr	$FB	-0.504
bought NN shares today Emark	$RSOL	0.738
curious know NN NN Qmark lnkd great doesnt potential side fb Qmark seems little high also	$LNKD	0.283
march led light bulb prices rise japan fall markets	$CREE	0.054
headline read &quot;saudi&#NN;s capable increasing oil capacity reserves decline &quot;	$CHK	0.279
pushed jack monkey&#NN;s thing b short DD soon gonna add sedond short somewhere high NN&#NN;s get	$JVA	-0.526
@aicinvestments @i_dont_care yep lowered target RR gain levels	$PLUG	-0.22
companies shld worried icloud	$GOOG	-0.329
bounced support early week indicators turning rsi macd smi worth look	$LULU	0.351
us adds NNk jobs november since NN unemployment rate remains NN RR gold futures DD DD	$SPY	0.183
@afortyyearold @bittercheaperfaster great company data breakout apple investor relations	$AAPL	0.408
move bring close see	$VXX	0.483
NN NN right also looks like nice risk/reward starting initiate position waiting fda feedback krnNN	$DARA	0.309
rt @ldrogen NN favorite stocks trends NN	$UA	0.401
good news domestic automakers	$F	0.413
would need clear DD tomorrow NN million shares highest volume last NN days	$AAPL	-0.31
run run NN RR	$AMZN	0.482
imo dont think get chance buy DD unless europe falls otherwise folks wake n see earnings good	$BAC	0.336
pnc goldman sachs receive dividend hike green light don&#NN;t act	$PNC	0.316
guess everyone wants NN	$AAPL	0.239
rt @montisumo day biotechs good load confident &gt;&gt; agreed downness	$AIS	0.281
done copious research short thesis typed news	$HSBC	-0.339
post &quot; stream bullish im brave look im short&quot; going biggest billions $$ bb history	$AAPL	0.492
nice couple mini trades	$RGR	0.121
NN breakouts stop DD NNday gap gap one sub DD stock modest selection attempted swing low	$FLO	0.627
may take days wks months watch happened ipo mrkt needs washout hunt well need NN wait stalk	$TWTR	-0.055
rt sold RR position @DD DD @rsblades long oct DD calls @ DD	$AMZN	0.628
looking oversold bounce	$KITD	0.436
rt @stocktwits rt @fallondpicks breadth consolidates weeks steady gains advances mkt breadth slowe	$QQQ	-0.146
topping tail NN min chart NN NN short	$RENN	-0.64
naturalgas settles NNyear low	$DBO	-0.563
rt @kdouble wtf Emark complaining got DD playing emotions amen decent co get bought imho	$OCZ	0.214
@bluelion doesn&#NN;t make real money barely hang don&#NN;t pay NN bux it&#NN;s worth	$BAC	-0.163
key breakout NN solid volume else it&#NN;s trade	$AAPL	0.123
support NN NN support NN NN	$NFLX	0.166
NN industrial goods stocks insiders bullish	$NOC	0.433
time stomp dreams	$SPY	-0.258
extreme win today NN cents NN low NNyear NN percent life bowl cherries great short setting $$	$SPY	-0.406
holding well today	$ISRG	0.318
given broad market environment expect trade work flawlessly buy aggressively pulls back NN holds	$CELG	0.386
NN industrial goods stocks insiders bullish	$ETN	0.433
massive short squeeze opportunity here; similar happened &amp; corzin; puts hghst since &#NN;NN	$MF	-0.104
ex dividend coming fall hoping DD rebound sure anymore	$BRCM	-0.411
micron shares pounded fears loss business apple; stifel defends @marjo	$AAPL	0.071
covered shorts @NN NN	$SINA	0.047
might selling ahead earnings	$GRPN	-0.411
think may start avoid bios except perhaps day trade whole they&#NN;re well presented flyers	$CYTX	-0.23
excited plays	$ECOM	0.322
NN longs RR/NN close &gt;NN NN &gt;NN NN &gt;NN NN &gt;NN NN &gt;NN NN &gt;NN NN &gt;NN NN &gt;&gt;&gt; i&#NN;m NN RR Qmark	$HAL	0.511
&amp; shopped NN stores black friday NN retailers whose stocks course Emark luv NN shop online jammers ^ ^	$AAPL	0.227
gets NN patents goes DD gets patent goes NN today	$AMRN	-0.373
NNk went ask NN NN	$KERX	-0.167
@klrby short didnt work small bet puts	$GRPN	0.378
breakout likely medium target DD	$GOOG	0.518
buddy bet bank nflx made DD	$NFLX	0.432
going	$DJIA	-0.559
NN toxic stocks raising red flags sell week	$SU	-0.826
stock hits RR loss u sell exceptions crying get	$DDD	-0.462
high risk could sweet st runner jigginess exits NN NN NN	$BBRY	0.322
waking	$CLWR	0.192
it’s time buy energy stocks yet Emark	$XEL	-0.382
trying lead higher gonna tough	$IWM	0.256
&quot;@drcooper buying weakness RR/NN &quot;	$GDX	0.511
multi year stock breakouts	$XOM	0.612
fast NNpc dive $$	$MITK	-0.26
@advidinvestor fast money says short ahead black friday seriously Qmark Emark Qmark	$AMZN	-0.448
watching china ppi cpi reporting tonight commods super sensitive china still could offer support revisit jump long bus Qmark	$GDX	0.19
fmmf big drop hedge fund exposure market qNN &gt; blame Qmark even sharks don&#NN;t trust market	$SPY	-0.402
went long see NN&#NN;s thinks	$COG	0.449
short NN NN	$AAPL	-0.464
NNnd raise year &quot;@bvhealthcare questcor increases quarterly cash dividend NN percent	$QCOR	0.705
end day scan stochastic overbought	$AHT	-0.516
rt @nodoji running cloud bottom NN min ichimoku	$SPY	-0.528
@paulcloutier @smithmattNN doesn&#NN;t know got new products sept thats next q good short bulls expect new release	$AAPL	-0.441
march led light bulb prices rise japan fall markets	$LEDS	0.054
baltic dry index lower NN days NN years	$SPY	-0.482
hearing new ceo thinks company could crm voip giddy Emark	$EGHT	0.308
bulls lucky enuff get upside gap fill better take wouldn&#NN;t chase	$HAL	0.054
holy green day batman luv plan comes together tks @moonrock half picks days	$RGR	0.298
seems like good short setup stop NN day position	$ATHN	-0.338
japan earnings RR topix companies reported yoy eps growth around RR far	$FXY	0.316
moved upper bollinger band	$XLNX	0.498
#apple breaks major support levels watch	$AAPL	-0.66
sure wish hadn&#NN;t scaredy cat yesterday bought almost RR ^ ^	$AGQ	0.398
later riser like last days jan NN healthcare conference presentation positive catalyst Qmark	$LCI	0.203
bricks mortar retailers selling cheaper margins across board Qmark consumer retailers	$BBBY	-0.352
soon europe closes mkt stableize little	$AMRN	0.315
good santa rally without improbable blow top finishing touch	$ES_F	0.22
indexes &amp; industry groups track closed friday rs line new highs	$IBD20	0.371
bearish engulfing candle	$BWLD	-0.532
tomorrow party time bears Emark Emark NN RR	$MSFT	-0.528
glorious stuff selling days appear exhausted back btfd old school stuff NN NN NN NN NN NN etc	$NQ	0.376
one good announcement shorts start quietly covering people buy it&#NN;s quick large gain don&#NN;t listen neg bs	$TWTR	0.37
aug NN calls RR NNc	$AAPL	0.553
parties loaded volatility back	$VXX	-0.223
runs NNsma acquisition news	$PCLN	0.486
could strategy exit shorts big pop Qmark	$NQ	0.316
well go least know sector white hot next week huge buy names nice work	$AKS	0.608
@alaidi europe banks implode stress tests failing big swirl near bonds cds debt cash gold selloff Qmark	$GLD	-0.298
sinks NN	$DDD	-0.549
continues consolidate / base	$MA	0.005
new post &quot;china stares abyss&quot;	$FXI	-0.325
&amp; shopped NN stores black friday NN retailers whose stocks course Emark luv NN shop online jammers ^ ^	$AMZN	0.227
covered small short @ NN NN NN loss flat day cash	$MWW	0.348
found good bull setups week &gt; let&#NN;s see mkt helps	$ABC	0.448
vistaprint raises qNN fyNN guidance reflect completion albumprinter	$VPRT	0.501
reviewing nflx gmcr&#NN;s massive recent recovery toward new highs give real shareholders encouragement questcor	$QCOR	0.448
goldman suks can&#NN;t bring one day today look strong solar rebound today Emark	$SCTY	0.304
new recommendation carl kirst bmo capital markets buy price target DD	$WMB	0.566
@rolltidetrader wilful infringement go calculations patent damages	$AAPL	-0.207
rt @alans going end red&gt;&lt; highly doubt	$SINA	-0.477
near RR drop thats lot best hold er lol	$AAPL	-0.304
happy watch everyone tuesday night serious breakout already got NN emails people got booyah	$GERN	0.448
oil prices oil stocks looking less cheap	$CRZO	-0.42
end day scan stochastic overbought	$JDST	-0.516
@event_trader also betting buys twitter heard first	$GOOG	0.261
going	$NYA	-0.559
today&#NN;s close RR/NN i&#NN;m long longer term technical swing long basis	$CELG	0.591
long RR position NN NN	$SPY	0.428
breakout regional banking	$KRE	0.563
somewhat tempting long side inverse cuppa joes	$SCTY	0.421
new bullish conversation activity quiet past NN hours	$KEG	0.461
#NN #NN ibdNN list look good	$V	0.392
rt @montisumo day biotechs good load confident &gt;&gt; agreed downness	$DNDN	0.281
speculation positive outcome w/ lung studyRR may see NNd filing soros icahn et al	$PTBI	0.33
go go get bermuda triangle plenty daylight	$JO	0.3
institutions seem like class stocks NNRR shares	$NOV	0.422
momentum building breakout trigger Emark long setup	$PKT	0.592
@crtNN @kryptyk learn anything biotech investing patience pays	$SRPT	0.272
many people met person fb mentioned waiting iphoneNN upgrade phone going epic	$AAPL	0.367
@crtNN @kryptyk learn anything biotech investing patience pays	$ARNA	0.272
@bradloncar good thing learnt integrating devices together tv	$SNE	0.277
still top dog intermarket rs	$TLT	0.473
selling far weeks ago noted large bearish channel formed measured move DD	$LTM	-0.629
it&#NN;s infinite valuation downgraded today big buyer open supports would imagine trade red least day	$COG	-0.375
reliably finding cancer mutations urine lung cancer colon cancer pancreatic cancer melanoma thyroid cancer etc jackpot	$TROV	0.267
nice little cup handle shaping NNinute end day favours good day index see gap open	$ES_F	0.326
following morning&#NN;s eps blew added longs	$ZMH	-0.462
looks like bouncing would nice finish DD today make hammer nice volume NN NN bottom fingers crossed	$JE	0.391
pair trade one favorite trade consistent gains small	$SPY	0.219
blackberry messenger second facebook user loyalty says new study ca	$BBRY	0.243
wayyy overvalued right imo trading single digits may take short pos earnings near term target NN	$YELP	-0.451
surprising see sales numbers still holding well guess high end might concern	$SKS	0.315
gaining momentum Emark nice buy signals Emark long DD	$COH	0.527
trade continuing nicely yesterday almost DD yesterday entry deal pricing tonight looking strong	$WAC	0.495
potential intermediate top uptrend NN&#NN; NN&#NN; NN&#NN; charts	$XLI	0.32
closng higher	$WFT	0.48
take	$RIMM	0.515
lets see NN today	$BBRY	0.302
bought call omnivision tech DD exp RR/NN today earnings beat earnings	$OVTI	0.722
rt @vconomics cult stocktwits actually disgusting want karate chop them/my bat ready never bring k chop bat fight Emark	$AAPL	-0.151
japan earnings RR topix companies reported yoy eps growth around RR far	$EWJ	0.316
could pride social media gettin ready fall Qmark chart rolling Qmark	$FB	-0.403
feel people buying ones finger sell button	$SPY	-0.054
god market getting crushed today gotta hold anything g recover tomorrow imagine	$KIOR	-0.302
march led light bulb prices rise japan fall markets	$RBCN	0.054
NN longs RR/NN close &gt;NN NN &gt;NN NN &gt;NN NN &gt;NN NN &gt;NN NN &gt;NN NN &gt;NN NN &gt;&gt;&gt; i&#NN;m NN RR Qmark	$EBAY	0.511
reiterating newbies notice doomsaying bears disappear climbs they&#NN;re opportunists ignore make $	$PLUG	0.467
watch showing serious demand it&#NN;s gonna blow minds better prepared	$AAPL	0.491
taking DD Emark NN NN &quot;@commonking back NN NN stop NN NN&quot;	$AAPL	0.383
put money better option drug already make money n indication potential next qe	$AMRN	-0.081
&quot;@stocktwits &quot;@kbkiwi tesla model sales exceed target profitability guidance amended upward	$TSLA	0.526
casinos red bell NN RR NN RR NN RR &gt; unusual comibinations what&#NN;s running what&#NN;s red bell	$LVS	-0.442
downbeaten stocks may ripe buys	$VALE	0.316
RR gap filled	$AAPL	0.226
weak close	$SPY	-0.297
looks like could fall apart market liking kindle strategy good product bad business	$AMZN	-0.515
&quot;@ifhedieshedies &quot;@bullhornNN shorts getting nervous&quot;&quot;	$ZNGA	0.366
us adds NNk jobs november since NN unemployment rate remains NN RR gold futures DD DD	$GDXJ	0.243
@trendrida mentioned potential suitee suitor	$ORCL	0.258
@megatronx lovaza NNk scripts week really think NN weeks capture RR Qmark impossible	$AMRN	-0.317
friday last chance DD	$CPRX	0.228
well stand corrected cause excellent / factual bear argument ha	$AMRN	-0.507
crude oil bears take clear near term advantage &gt;	$GDX	-0.501
european debt crisis entered dangerous new phase	$BUND	-0.331
relative weakness pretty apparent short boat getting full one prefer boat closer empty	$IWM	-0.262
NN RR NN RR NN RR NN RR NN RR NN RR NN RR NN RR NN RR NN RR NN RR	$YHOO	0.16
#amex movers nhs #restaurants NN NN RR nh w #bigboy div triangle #petroleum NN NN RR NN expanding caliber	$TPLM	0.376
downbeaten stocks may ripe buys	$WPRT	0.316
isrg short	$ISRG	-0.678
trades gtim NN NN redf NN NN NN NN NN total NN	$POZN	0.146
usa new home sales mom nov NN RR vs NN RR est; prior revised NN RR NN RR	$AAPL	-0.489
still looks constructive	$GLNG	0.28
break new highs lots technicals looking great right	$TYC	0.469
failed breakouts &amp; failed setups limping crutches next week	$TSCO	-0.419
rt @stockdemons think shorting close might play high beta reversing looks worth shot	$SPY	-0.469
hows oil &lt; DD sound good economy	$SPY	0.273
gold going parabolic wonder Qmark keep chasing tops boys	$SPY	0.442
inside week buy triggers	$KKD	0.485
sql server revenue grew double digit sql server premium revenue growing RR	$MSFT	0.454
hangin thread NNclick away cliff drop needs follow snap back vix	$CAT	-0.337
macd adx crossing signal lines Emark long setup	$AEGN	0.569
rt @flareNNx long NN NN/great find hope wold another still holding second RR	$INOD	0.509
greece fomc much week moves sides possible larger ranges though stay nimble cautious	$SPY	-0.023
parties loaded volatility back	$SPY	-0.223
would take profits	$UVXY	-0.244
adding position Emark	$VXX	0.685
brutal slide feels better way still long	$ISIS	-0.044
looks good weekly chart	$IACI	0.379
watch bancos they&#NN;re holding relatively well compared broad market &lt; large c buying backburner	$C	0.394
covered swing NN	$FFIV	0.021
strong move today junior gold miners keep eye gap fill	$GDXJ	0.75
tomorrow party time bears Emark Emark NN RR	$GOOG	-0.524
looks really toppy right	$GILD	-0.191
booz allen leveraged loan slips alongside shares nsa leak news #nsa	$BAH	-0.198
@ironlion @jameslast surprising would pull something like considering small businesses called scam years	$YELP	-0.45
weekly NN puts RR NN x NN NN vol	$SPY	-0.35
looking good DD calls active month weekly	$MOS	0.362
looks like big feb NN spread last quarter RR yoy rev growth trading @ NNx earnings may try short	$CREE	-0.352
equity indexes working positive engulfing march small caps / semis fakeout b/out	$SML	0.308
continue using profits one industry get innovate develop afraid	$AAPL	0.413
avago broadcom combine DD billion deal	$AVGO	0.241
&quot;@theant another quiet week possible stalling action thursday need see volume	$VRX	0.0
vision near term target DD	$IACI	0.0
weakest sector year possible false breakout	$XLB	-0.458
bands tighten week pop holiday pr	$BIOC	0.555
holding nicely today	$CAT	0.441
points two facebook games accuses copyright infringement	$ZNGA	-0.284
may take days wks months watch happened ipo mrkt needs washout hunt well need NN wait stalk	$FB	-0.055
sure guy northland capital #cnbc recommends tesla straight face &amp; DD pt #joke #bubble #buyerbeware	$TSLA	-0.506
@ppatrickk suggest learn valuations see worth DD share DD	$AZPN	-0.563
come run bulls today guys gals Emark	$AAPL	0.484
ivory tower loved NN RR booyah	$WFC	-0.584
nothing investors damage apple shareholders nothing success companies another myth	$AAPL	0.322
buying last round shorts next week bring average bought ladders tripplying	$UVXY	-0.339
noobs bios small caps stock splits lipstick pig Emark splits mid mega caps Emark pos	$INO	-0.347
good time buy run come earnings Qmark	$AAPL	0.533
european debt crisis entered dangerous new phase	$EWG	-0.331
morgan stanley tricky bastards ran price er gave upgrade shorted	$FRO	-0.405
@hashtag_bullish yeah Qmark even looking pretty attractive versus pig sox trading @ NNx reported earning	$SMH	0.109
failed breakouts &amp; failed setups limping crutches next week	$RGR	-0.419
go NN add NN	$GILD	0.307
hearing rumours major joint venture announcement	$BBRY	0.427
weakness could opportunity looks NN NN best shot good sell nov put entry	$CERN	0.345
announcing monthly divy week see maintain RR yield	$UCO	0.078
shoots moon favorite pumper would say u know u r still luv u man u make us laugh here&#NN;s hoping ur right Emark Emark	$ECYT	0.514
rt @highgrowthfinancial shorts breakin flag holding	$ONTY	0.226
continues consolidate previous break area	$LUV	0.375
it&#NN;s times start wonder &quot;do enough shares Qmark Qmark Qmark beast keeps moving &quot;	$ZNGA	0.429
following morning&#NN;s eps blew added longs	$DNKN	0.528
crude oil bears take clear near term advantage &gt;	$USO	-0.501
wants take wants bad apparently people still coming eod could explosive shorts get caught	$KNDI	0.257
today aside setting another drop NN NN target overvalued sector etf	$SMH	-0.504
look shorts running cover	$SPY	0.375
deal bail greece	$NBG	0.058
ready break watching NN NN	$QCOM	0.235
okay i&#NN;m looking add gold miner possibly lower pe tech name close/ tmrw watching	$HL	0.425
rt @montisumo day biotechs good load confident &gt;&gt; agreed downness	$IBB	0.281
&quot;@zolio soars pre market business split announcement; rumors looking shed stake buyer &quot; lol	$EMC	0.398
@johnchen #blackberry #faucette &amp; #simona jmho playing ignorant smack looks legitimate	$MS	-0.105
see DD year Qmark Qmark Emark	$AAPL	0.152
bricks mortar retailers selling cheaper margins across board Qmark consumer retailers	$XRT	-0.352
DD today Qmark	$ACAD	-0.164
NNx etfs subject decay due daily rebalancing careful holding long term hold safer	$GASL	-0.234
abercrombie &amp; fitch falls RR pre market qNN sales results	$ANF	-0.394
NN little discussed problem pro watching lumber liquidators	$LL	-0.476
market seems stuck mud	$SPY	-0.259
get next run	$MNKD	0.275
lots metal stocks look like NNRR run awaits long high quality names go metal prices cooperate	$PAAS	0.394
would like see go back low NN&#NN;s next year could good year would like start adding soon	$APC	0.528
halliburton hal stock trading lower today NN warning upbeat earnings results	$HAL	-0.375
@ NN Qmark &#NN;mini me&#NN; &#NN;wanna be&#NN; bear raid Qmark	$AMRN	-0.48
signs life emerging	$LULU	0.27
getting sold	$SBUX	-0.551
@messenger @tNNst @sunnyNN need something catalyst intel stagnant years also could pick em	$AAPL	0.324
puts came	$FTI	-0.517
lows DD DD bk real possibility	$ESI	-0.465
companies shld worried icloud	$SFLY	-0.329
could lotto winners	$ARIA	0.29
austrians earmuffs Emark ok everyone else NN reasons buy gold @mktwhulbert	$GLD	-0.447
oversold conditions showing nice positive divergences chart Emark potential bounce player watch	$HOV	0.459
rather neutral bullish rather bearish still stock pickers market	$SPY	0.185
buying last week play month wish woulda pulled trigger	$FAS	0.74
hope kog shorters learned lesson dont mess bear	$KOG	0.085
&quot;@NNnvestor NN RR float short lol	$SODA	-0.392
think realize interest level skyrocketed last two weeks well abroad DD&#NN;s	$AMRN	0.165
rt impo fda wont allow mor NN new subscrip diet drugs next NN yrs NNst lorc NNnd qnex good luck long c u @ $ NN	$ARNA	0.457
NN RR NN NN april NN puts RR NNc NN NN vol	$SPY	0.028
NN RR increased bullish conversations past NN hour	$BAC	0.442
accumulating gobs outshined $$	$ORCL	-0.099
end day scan stochastic overbought	$BLRX	-0.385
murray leaves competitor adidas diversifies adds international exposure tennis murray NN u open &amp; olympic gold	$UA	0.219
looks like taking small chill pill today	$GERN	-0.183
companies shld worried icloud	$EMC	-0.329
@louiebeene vwap NN NN held trend line lot radars	$NAVB	0.325
multi year stock breakouts	$WFC	0.612
moved upper bollinger band	$WPZ	0.498
use bbNN device better feel investment miles beyond competition frozen headlights	$BBRY	0.278
still needs fill NN NN decent supt expect upside NN	$AGQ	0.302
daily phase NN retest price experiencing early rejection retest Qmark	$LNKD	-0.228
moved upper bollinger band	$SMH	0.498
NN NN	$AAPL	-0.27
&quot;@raymillerNN close NN monday freewater fall&quot; like white water rafting	$FB	-0.453
famous lunch hour fade routine sp rise later day;	$BBRY	0.002
weak hands flushed metals miners fear selling guess buying Qmark mr greed	$BAA	0.3
buffett&#NN;s NNf shows new stakes cvs visa general dynamics	$V	0.468
$$ stay long next NN NN years	$AMZN	0.951
volatility squeeze hope gets resolved upside	$AAPL	0.042
rt @peterlbrandt new post &quot;breakaway gap u stock indexes shorts trapped due cme rule &quot;	$NQ_F	0.226
what&#NN;s great move still hold since back day yesterday marry christmas	$SCTY	0.461
multi top chart finally leads fall price stability questioned stock coming weeks tell	$MCD	-0.474
heavy volume alert NN NN split defensive cyclical sectors edge offered	$XLE	0.025
grid shows capped long term range NN NN NN NN;any rally beyond today&#NN;s levels range leads meltdown	$DIA	-0.172
sellers saw yesterday action NNam cst pre market open	$AAPL	-0.45
high ah vol due small cap russell indexes annual reconstitution per	$RAD	0.172
ross stores upgraded outperform rbc capital markets	$ROST	0.565
@karleggerss upgraded Qmark	$ATHN	0.439
may take days wks months watch happened ipo mrkt needs washout hunt well need NN wait stalk	$BABA	-0.055
NN longs RR/NN close &gt;NN NN &gt;NN NN &gt;NN NN &gt;NN NN &gt;NN NN &gt;NN NN &gt;NN NN &gt;&gt;&gt; i&#NN;m NN RR Qmark	$SIRI	0.511
blame clubs terrible golfer downgraded neutral wedbush pt lowered NN NN	$ELY	-0.434
@stevezNN chartist news &amp; mm talk orchestrated bs long tech early jan it&#NN;s straight calls	$TZA	0.384
@traderberlin i&#NN;m saavy drops DD i&#NN;m push investment another time	$SQNS	0.331
china always aapl ace sleave seems like helping downtrend	$AAPL	-0.372
rt impo fda wont allow mor NN new subscrip diet drugs next NN yrs NNst lorc NNnd qnex good luck long c u @ $ NN	$OREX	0.185
us adds NNk jobs november since NN unemployment rate remains NN RR gold futures DD DD	$NUGT	0.243
&quot;@zolio soars pre market business split announcement; rumors looking shed stake buyer &quot; lol	$VMW	0.254
double bottom handle buy point NN NN	$WMT	0.654
torture	$ISIS	-0.303
quality stocks high cash returns	$ELN	0.274
running	$GOOG	0.286
explains going put watson work destroy ton jobs make ton money	$IBM	0.382
#apple breaks major support levels watch	$QQQ	-0.455
DDs	$AMRS	0.0
gap september comparable store sales RR	$GPS	-0.441
making new highs year doesn&#NN;t normally produce great stocks trade DD may bad swing	$UTY	0.53
unusual opening buyer NN wwav janNN NN NN calls DD ask ise NN NN NN iv NN RR NN NN NNx usual	$WWAV	0.412
like optimism moving nce agenda may simple claim active moiety	$GSK	0.12
walter investment management corp receives sell compass point	$WAC	-0.45
gold miners bullish percent index weekly RR/NN	$JNUG	0.0
end day scan stochastic overbought	$AHT	-0.385
anyone long flush please accept condolences congrats short wasn&#NN;t either way	$TLB	-0.606
thinking last entry good needs push	$SPY	0.207
one watch much would watch RR ema&#NN;s acted support position	$CSGS	-0.118
patiently waiting price enter buy/support zone strong support notes chart	$AAPL	0.358
NN NN could get going Qmark	$NVTL	0.26
NN NN gotta hold	$SPY	0.345
points two facebook games accuses copyright infringement	$EA	0.048
end day scan stochastic overbought	$HDGE	-0.385
rt @montisumo day biotechs good load confident &gt;&gt; agreed downness	$XBI	0.281
worst performers today RR RR RR NN RR / best stock RR	$RIG	-0.72
&quot;@chessnwine NNinute chart small caps threatening descending triangle breakdown DD	$IWM	-0.382
don&#NN;t hang bull hat yet next week pop higher qeNN hope back fed&#NN;s NN day meeting	$SPY	0.412
u / volume ratio NN NN &amp; management ownership holds RR total outstanding stock major skin game positive	$OPK	0.471
NN RR increased bearish conversations past NN hour	$TVIX	-0.589
sold today NN NN NN NN RR loss well should&#NN;ve attentive one bad moving	$FOLD	-0.581
lee ready exit bankruptcy strong volume today	$LEE	0.298
upgrade today ms overweight excellent company leadership	$ETN	0.813
rt @dostoevsky call/put buyers crushed looks way happy	$RIMM	-0.126
buy stop NN retakes NN day	$XOM	0.295
nice bounce	$BBRY	0.296
starting creep sits near hod	$VXX	0.28
okay i&#NN;m looking add gold miner possibly lower pe tech name close/ tmrw watching	$NEM	0.425
looks like bo coming	$ABT	0.36
rt @emrul pre order #s NNst weekend NN imo #timestamp//NN sold pre order last year NN year would amazing	$AAPL	0.151
moved upper bollinger band	$SGMS	0.498
china winners	$QUNR	0.452
looks like ascending channel finfiz	$CYTX	0.363
sold NN NN flat	$BIDU	-0.695
oh man hospital reits slaughtered even plus RR div yield	$TLT	-0.399
want cry	$KNDI	-0.595
NN top japan etfs surge higher NNh	$DFJ	0.456
new bullish conversation activity quiet past NN hours	$BKEP	0.461
dont listen news don&#NN;t look twits… follow trend follow money flow	$UNG	0.165
don&#NN;t intend nay sayer cuz love stock/co may see NN NN	$PLUG	-0.125
held well big gains Emark maybe we&#NN;re finally move Emark Emarkits still undervalued major upside	$NUAN	0.695
u consumers keep cautious stance #premarket	$COST	-0.258
@ophirgottlieb every reason bullish stock drop \uNNa	$INTC	0.520
need anoth DD time high new high	$PANW	0.478
long setup one name many coal sector displaying pattern	$JRCC	0.430
recall	$TSLA	-0.227
marriott wins new starwood deal raising cash portion bid worth DD/sh versus anbang's DD/sh	$MAR	0.557
commented time embrace dividend growth	$ABBV	0.284
NNstar analyst robert derrington wunderlich reiterated buy robert RR success rate	$BJRI	0.455
unusual call activity	$GWPH	0.421
china's tourist bonanza going anywhere	$QUNR	0.303
itt educational services shares RR hours company says submitted NN financial statements doe	$ESI	0.446
looks like sime jey features model NN like auto pilot super fast charge cist xtra also top safety rating guaranteed	$TSLA	-0.107
potential continuation uptrend NN' NN' NN' charts	$HYG	0.437
longed NN @ NN NN	$AMZN	0.650
weakest todays dt watchlist	$TSLA	-0.383
alcoa kicks march quarter earnings see reasons cautious	$FB	-0.093
breaking	$DARA	0.427
commented apple need innovation sell rating	$AMZN	0.000
add short NN NN	$SPY	-0.550
nice	$DVAX	0.109
verified DD loss trades	$ENDP	-0.146
loving volume average higher yesterday already	$VMW	0.220
seems respecting channel long vs NN stop seems good NN NN r/r NNdown/NNup	$COST	0.321
sector stocks leading today	$CPGX	0.454
dji overbought	$INTC	-0.296
kodak could pick christmas write taxes	$UNXL	0.356
@realfanboyNN lol wait media hate they'll whip back	$AAPL	-0.201
NN NN kirby	$VPRT	0.516
got sell signal RR/NN still force target NN NN	$AMRN	-0.431
suggest read report future bright	$PLUG	0.518
NN bulls careful smack monitor	$BBRY	-0.305
NN added NN p/b	$KGC	0.431
NN beaten internet companies may ripe #takeover target #twitter #linkedin #yahoo Emark #groupon	$TWTR	0.343
top NN stock picks tuesday RR/NN NN NN NN NN NN #stockmarket #finance #cnbc #cnn #foxnews	$OGS	0.414
tomorrow morning likely open north NN	$AAPL	0.482
unusual call activity	$HYG	0.332
boosts oil production record talks cap output via @business	$USO	-0.241
rival companies watco eyeing w take interest	$RA	0.396
shares rattled saying subsys hit opioid scrutiny; visium wsj headlines probe helped; visium #NN holder	$INSY	-0.389
buy csx ride railroads via @thestreet	$CSX	0.395
trade du jour seems 'sheople'	$FB	-0.418
congrats analysts w blair downgrade er	$BBBY	-0.373
downgrade good opportunity buy sell buy taxable event Emark	$DB	0.096
watching higher lower maybe fade metals gap	$INSY	-0.357
nice day rally Emark	$JPM	0.529
popping hod	$FB	0.446
#stocks large players selling	$CROX	-0.507
finally broke free big brother's shadow Qmark	$SCTY	0.363
stock split could use cash buy back shares instead dividend	$AAPL	0.415
insider trading clair st unloaded NN NN shares northern trust corporation nasdaq ntrs	$NTRS	-0.328
espn files lawsuit verizon	$VZ	-0.346
watch trade DD print daily reversal candle got potential changed	$SUNE	-0.179
starbucks also doubled number stores france NN NN still NN stores portugal though	$SBUX	0.385
investors broke news company confirmed positive top notch investor dd trusted	$KNDI	0.519
best stocks NN | via @reformedbroker	$MSFT	0.463
wearables apple's category win samsung flopped watch f'n copy apple Emark	$AAPL	0.500
important pragmatic analysis high prices could offer head winds bullish story intact evenif market rolls	$IMRS	0.400
updated #coreNN portfolio &	$NFLX	0.452
telling u guys stock b/c european approval news news nothing left keep anymor	$VNDA	-0.622
highest call put ratio	$DISCA	0.348
branch medicine producing top rated stocks days Qmark found one	$PDCO	0.428
watchlist top	$WM	0.342
could testing DD days	$AAPL	0.136
NN RR NN RR NN RR NN RR NN RR NN RR NN RR NN RR NN RR NN RR NN RR	$BHP	0.198
time stomp dreams	$DIA	-0.258
@immigrationca b u l l h b u l e r tyahoo finance Emark eecz ecosciences inc sold	$DUST	-0.573
arrg go round #NN	$EDU	-0.383
short term fund/redemption liquidations channel cleared soon solid footing DD new floor come july Emark	$AAPL	-0.175
china overtake us largest online gaming market says report	$SNE	0.226
would like see upside break channel week	$GOOG	0.404
stockmasters european debt keeps stocks	$EUR	-0.374
pre mkt looks like gap filled lookin NN short opt	$MFLX	-0.412
long ahead #fNNdeveloperconference	$FB	0.521
moves trNN long watchlist	$KBE	0.459
google ibm arm amd begin assault intel's server franchise	$GOOG	0.336
@vonage @NNxNN @ringcentral plunged Emark #stocks weak outlook via @themotleyfool	$NFLX	-0.049
bullish stocks twitter dip	$VZ	0.408
red	$TSLA	-0.370
accumulated day coming potentail resistance	$MAR	0.233
walgreens boots alliance pbrNN uses warrants buy DDb & NN RR amerisourcebergen pbrNN shares	$ABC	0.301
boosts oil production record talks cap output via @business	$AAPL	-0.241
NN⃣NN⃣biggest market losers	$MNK	-0.438
technical alerts stochastic sell signal NN dma support NN dma support	$IFF	-0.471
well go least know sector white hot next week huge buy names nice work	$STLD	0.608
max pain NN NN maturity RR/NN previous close NN NN	$GILD	0.000
NN RR trading @ DD	$OIL	0.306
@spNN said possible Qmark everyone buying calls eod friday ; question rest monthly opex cash	$AAPL	0.487
u consumers keep cautious stance #premarket	$WMT	-0.258
still needs fill NN NN decent supt expect upside NN	$SLV	0.302
swing short DD w/pt DD NN maybe NN let know	$AMZN	-0.547
short setups looking nice really nice |	$FLT	-0.464
check owners must exciting eh Qmark	$BBRY	0.197
us dollar asset class find day week month year	$UUP	-0.381
interesting positive stories coming past days max pain monthly opex NN	$AAPL	0.231
@vonage @NNxNN @ringcentral plunged Emark #stocks weak outlook via @themotleyfool	$VG	-0.593
equity indexes working positive engulfing march small caps / semis fakeout b/out	$IWC	0.308
@contangoz confused long short Qmark hope short NN dollar stock	$BEAT	0.274
u consumers keep cautious stance #premarket	$HD	-0.258
daily chart upcoming first support days weeks Emark	$TNA	0.274
multi year stock breakouts	$WMT	0.612
NN NN NN RR up*timing everything time canna security america#weed #cannabiz #pots	$FB	0.000
@hopeturock yes expectations deal somewhat priced could see nice pop bids come higher expected	$YHOO	0.234
pushing highs	$AMCN	0.543
turns back early trading	$FB	-0.393
resuming advance new historical highs	$HITK	0.816
descending triangle liking upside break	$PPG	0.201
pretty longer look spy | via @zortrades	$SPX	-0.242
flat week short premium expire full gain however expire loss remaining RR	$SPY	0.145
nhtsa gives tsla highest safety score ever day world ends nhtsa says wrong long	$TSLA	0.404
isolationism Qmark another sell rating sell ratings spy qqq iwm several companies	$FXE	-0.389
@tim_cook #aapl invest buy & speed electric car development exponential way aapl could jump RR partnering tsla	$TSLA	0.467
china february retail sales e commerce remains resilient	$NKE	0.383
top NN stock picks tuesday RR/NN NN NN NN NN NN #stockmarket #finance #cnbc #cnn #foxnews	$ROST	0.414
@pierrules long Emark Emark	$SIRI	0.759
today's momentum movers #stocks	$CDTI	0.282
good morning Emark here's trending among #investors morning	$VRX	0.216
stocks higher afternoon trade; intel nears buy point	$WFC	0.314
time go long Qmark"create bunch primitives get way take nice skim top "	$AMZN	0.400
@emuziczone @myoffices stockwhisperer first quarter amazing	$AIG	0.322
need anoth DD time high new high	$FTNT	0.455
next resistance around NN think	$AAPL	0.218
bulls defend NNdma DD next sessions #stocks #daytrading #investing #tradeideas	$TSLA	0.348
broken downtrend NNdma proving stiff resistance short term	$AAPL	0.222
morning movers starbucks slips downgrade; arcelormittal gains @barronsonline	$SBUX	-0.392
long autocharts @	$BITA	0.488
pie sky Qmark	$CRM	0.365
added long friday close	$SPY	0.513
ten year yield weekly NN year yield still bearish hence NN year bond fund bullish	$TLT	0.417
@vixmoney back saddle around NN stop NN NN	$UVXY	0.283
@ukarlewitz one go long money rotating large cap tech	$QQQ	0.383
google seeing competition gigabit internet via @sharethis	$GOOGL	-0.197
alcoa kicks march quarter earnings see reasons cautious	$C	-0.093
NN top japan etfs surge higher NNh	$QJPN	0.456
unusual call activity	$WSM	0.421
ron johnson tried failed inject bit apple culture jc penney via tuaw	$AAPL	0.061
costco premier retail dividend play	$COST	0.463
blackberry messenger second facebook user loyalty says new study ca	$BB.CA	0.243
ive got NNk shares NN NN sale Emark	$ARNA	-0.343
nice fade bell missed one	$ADBE	-0.285
end day scan stochastic overbought	$ASMB	-0.385
whole foods may feel price competition way go price wise compete kroger	$WFM	-0.224
RR curated reasons	$AAPL	0.269
NN breakouts stop DD NNday gap gap one sub DD stock modest selection attempted swing low	$CHMT	0.627
recall NN NN model x suvs seat belt fix	$TSLA	-0.235
end day scan stochastic overbought	$ALR	-0.385
wanted buying opportunity well comes front page #cnbc	$BAC	0.445
@thegoldrush colin loved DD today trades DD like end	$TSLA	0.338
google soon start selling chromebooks walmart staples retailers coming soon	$SPLS	0.199
rt @japanesegunto lauching NNs alien space lol jan NN analysts martian orders way high theyll never hit Emark	$AAPL	-0.322
pie sky Qmark	$CHKP	0.365
inside week buy triggers	$DNKN	0.485
NN industrial goods stocks insiders bullish	$FAST	0.433
like optimism moving nce agenda may simple claim active moiety	$VVUS	0.282
coke dividend RR google dividend RR passive income coke takes	$GOOG	-0.066
quality stocks high cash returns	$STX	0.274
wall street tours tesla factory—and loves sees bloomberg business	$TSLA	0.385
still wants higher think	$SPY	0.448
crazy market	$PCLN	0.000
inside week buy triggers	$LOCO	0.485
@upsidetrader "@howardlindzon good comeback yellen biotechs	$IBB	0.381
watch trade DD print daily reversal candle got potential changed	$SH	0.321
heading NNdma certain doom hold	$SBUX	-0.437
stopped NN NN NN NN loss	$TSLA	-0.173
potential continuation uptrend NN' NN' NN' charts	$HAL	0.438
weird day	$AMBA	-0.649
many names talking apple cheap must buy DD stock price soon hmmmmm	$AAPL	0.622
comes back three earning yesterday shorted RR short float long nice profit	$ADBE	-0.485
gusta	$AAPL	0.324
news good Emark	$TSLA	-0.257
delivering goods let's see spill chinese internet names started wake last week	$BITA	0.420
companies shld worried icloud	$NFLX	-0.329
published estimate estimize NN NN eps NN NN revs compared wall street's consensus	$GOOG	0.405
gone green day	$FB	0.476
trades gtim NN NN redf NN NN NN NN NN total NN	$INCY	0.438
boosts oil production record talks cap output via @business	$UWTI	-0.241
aapl gundlach slams ipad mini sees downside DD	$AAPL	-0.325
citrix systems inc position increased mizuho… @sharestocknews	$CTXS	0.529
nice buyable intraday dip right	$FB	0.492
rt @dermus waterfall ahead Qmark	$GMCR	-0.319
unusual call activity	$VXX	0.332
nice day rally Emark	$DIS	0.529
buffett's NNf shows new stakes cvs visa general dynamics	$GD	0.468
#amex movers nhs #restaurants NN NN RR nh w #bigboy div triangle #petroleum NN NN RR NN expanding caliber	$FRS	0.376
cuts outlook RR could see fall sympathy	$CSCO	-0.253
biggest gainers today large caps NN NN NN NN NN NN NN NN NN RR	$STX	0.440
alert new macd signal created buy NN NN time NN NN strength NN powered	$CTXS	0.490
@pieman much would like capture back market share cleary surpassed bb long time aka android	$AAPL	-0.373
broke descending channel hold Qmark	$AAPL	-0.070
go victories alphabet looks give deepmind complex challenges	$GOOG	0.363
markets back black NN #oil #optionstrategies	$SPY	0.271
NN⃣NN⃣biggest market losers	$SID	-0.438
deutsche bank downgraded starbucks co	$SBUX	-0.611
RR online grocery market RR ahold RR kroger/stop&shop @freshdirect RR @sbanjo	$AMS	0.208
anyNN somehow spinning er stellar something negative someNN got caught short rise NNorrow	$KORS	0.113
okay i'm looking add gold miner possibly lower pe tech name close/ tmrw watching	$KGC	0.425
#yahoo finally takes "harvest strategy" advice shares climb via @moneymorning	$YHOO	0.445
rt @harmongreg NN NN looks good	$EZPW	0.384
pivot area intraday chart break could send NNday sma NN NN	$AAPL	0.128
@cgrantwsj think bubble might go time long ppl love cars might keep getting funding	$TSLA	0.424
daily mail parent talks private equity yahoo bid #yahoo via @reuters	$YHOO	0.198
#ftseNN ends gains anglo american jumps	$AAL	0.353
raises revenue forecast	$BRCM	0.367
market lot faith ecb	$SPY	0.414
china overtake us largest online gaming market says report	$MSFT	0.226
cuts outlook RR could see fall sympathy	$JNPR	-0.421
little pullback fine erases todays gains cannot believe manipulation capable	$QCOR	-0.169
possible target around NN NN neckline smaNN fork congestion	$SSO	0.162
short sighted sellers sorry soon	$HPJ	0.343
hot	$LPTH	0.354
good news @biomarin #bmrn likely strongly benefit #genetherapy #hemophiliaa	$BMRN	0.357
rt @montisumo day biotechs good load confident agreed downness	$HGSI	0.281
congrats whoever bought NN sold NN i'm sorry	$PVA	0.417
NN times advertisers Qmark @jack @support suspends advertisers explanation #custserv	$FB	0.643
@vonage @NNxNN @ringcentral plunged Emark #stocks weak outlook via @themotleyfool	$YHOO	-0.209
tensions grow china japan islands @mktplaceradio	$EWJ	-0.059
okay i'm looking add gold miner possibly lower pe tech name close/ tmrw watching	$CSCO	0.425
double response rate investment validates company	$PBMD	0.376
RR decline original posts	$FB	-0.285
quality stocks high cash returns	$DTV	0.274
@openoutcrier @omillionaires @canuckNNusa gets clean bill health audit india	$EROS	0.596
DDb cash #gilead shopping spree may continue Emark hep c drugs #harvoni & #sovaldi made DDb NN Emark	$GILD	0.361
high alert Emark RR strong buy #teambillionaire #pennystocks	$NEIK	0.868
reports qNN eps DD versus estimated DD beating DD eps RR quarter last year	$TXRH	0.365
unusual call activity	$BAC	0.332
NNstar analyst scott henry roth capital reiterated buy scott NN RR avg rtrn	$CO	0.443
i'm going tomorrow evening DD limit order	$WYNN	0.394
@barronsonline sees #apple DD/share year RR today growing services business	$AAPL	0.408
tomorrow might rare buy day	$TSLA	0.379
play tmrw NN RR NN NN NN NN NN NNcc NN NN RR NN NN NNcc watch housing sector NN NN RR NN NN	$BMO	0.244
NN calls NN	$SPY	0.490
unusual call activity	$EEM	0.332
said yesterday apr NN calls getting hot today getting paid	$MSFT	0.289
NNnd time test NN NN b/o zone still breaking moved stop NN NN	$PAY	0.093
NN RR NN RR NN RR NN RR NN RR NN RR NN RR NN RR NN RR NN RR NN RR	$FXI	0.248
undaunted string failures facebook trying get payments	$FB	0.078
excited plays	$CSOD	0.322
rt expstocktrader homework co founder new stock get ground floor	$FIO	0.587
NN support	$BIB	0.199
new high NN	$NXPI	0.560
rt @acinvestorblog still track DD	$AAPL	0.166
unusual call activity	$RF	0.421
daily mail may yahoo Emark Emark 😮 🤔 via @technology	$YHOO	0.352
three top stocks NN ready lead NN details	$NFLX	0.414
competing bids emerge permit board explore value enhancing alternatives objective maximizing	$APP	0.302
" resurgence stock price today might mean company may emerge stronger ever "	$GTAT	0.364
supermarket stocks rally tesco plans axe non core uk assets #stocks #ukstocks	$SBRY	0.346
bear raid	$PLUG	-0.480
NN RR #trading weak vs & here#stocks #stockaction #fang	$SPY	0.109
short cover high NNs goes planned lol	$MSFT	-0.632
lg expects strong results premium strategy	$AAPL	0.452
trades gtim NN NN redf NN NN NN NN NN total NN	$CALX	0.355
bought feb 'NN RR one obvious opportunities year	$TSLA	0.359
watch bancos they're holding relatively well compared broad market large c buying backburner	$BAC	0.394
similar pattern like beginning may u sell Qmark go much higher drop	$VIPS	0.479
dumped maybe buy back another time	$PYPL	-0.506
@bobinaccounting @billytheNNrd @qr_winner fine imho worries real deal holding	$SPPI	0.257
#stocks large players selling	$INO	-0.507
yahoo extends bidding deadline interest grows #trading #investing #stockmarket #dax	$EURUSD	0.317
watching china ppi cpi reporting tonight commods super sensitive china still could offer support revisit jump long bus Qmark	$FCX	0.190
#fusioniq new positive timing signal today please retweet #signals	$SBUX	0.341
@dojiknows th sp potential qnx besNN bbm cross platform bring good news time	$BBRY	0.284
shareholders welcome marriott starwood deal	$HOT	0.322
i'm sure short holding breath hoping miracle lol	$AAPL	0.411
back tight	$GS	0.255
march led light bulb prices rise japan fall markets	$VECO	0.054
RR upside left next NN mnths based nov NN RR based july NN history rhymes	$LNKD	0.629
crude oil bears take clear near term advantage	$SPY	-0.501
unusual call activity	$GS	0.332
bullish stocks twitter dip	$SCTY	0.408
u airlines battle cuba routes	$LUV	0.092
study charts pullback_time	$TSLA	-0.300
another RR NN weekly puts lol i'm going back sleep	$BBRY	-0.439
casinos red bell NN RR NN RR NN RR unusual comibinations what's running what's red bell	$WYNN	-0.424
taking shine words	$GOOG	-0.136
DD rally mode	$AAPL	0.500
short setups looking nice really nice |	$IVZ	-0.464
that's folks chen killed #blackberry bet high end android mid killed former; killing latter	$AAPL	0.599
worst performers today RR RR RR NN RR / best stock RR	$WTS	0.857
@trendrida insider selling probably reason	$TIBX	-0.305
looking stock make new NN high tomorrow	$HMC	0.432
breakout watch tues	$IPG	0.352
insiders selling facebook ford motor	$F	-0.566
qNN disappoints #software licenses real problem Qmark #cloud growth trails	$GOOG	0.181
af bashing cytr twitter	$CYTR	-0.183
bod right reject offer company low economy type mismanagement anything	$WGO&	0.076
bot puts	$UNG	-0.875
right top thre cloud position #stockcharts	$AAPL	-0.155
buying calls / puts tomorrow	$TZA	0.841
indexes & industry groups track closed friday rs line new highs	$NDX	0.371
pie sky Qmark	$ATVI	0.365
adding puts mentioned earlier easier play right short term	$AAPL	-0.054
like one lot	$OPK	0.538
unusual call activity	$HTZ	0.421
actually lost NNc per share u incl vz debt NN NN cash	$BBRY	-0.238
updated #coreNN portfolio &	$ULTA	0.452
dips bought real quick higher lows fo sho	$AAPL	0.249
highest call put ratio	$CFG	0.348
downside breakout looks coming soon	$ACOM	-0.536
equities recently tagged #undervalued closingbell community	$AMZN	0.353
hell yeah ill take fill day long baby	$ACRX	0.499
pot cont uptrend longerterm wly dly hly combo chart #netflix #stocks	$NFLX	0.433
love donuts coffee hate plunges NN one time goes DD long term chart perfect buy	$DNKN	0.291
long brealout trade	$GPRO	0.594
starbucks' digital strategy drive significant growth customer loyalty	$SBUX	0.388
stock options trade would doubled money	$BBBY	0.218
@foolbullNN guess seen NN month picture results company's tech works better load	$RXII	0.446
report apple signs google's cloud uses much less amazon's	$GOOG	0.379
run forest run Emark Emark #stocks	$AAPL	0.374
commented parkervision aggressive buy NN	$ITC	0.306
ca {head&shoulders} bullish reversal setup breakout oil gas pipleline stock	$ENB.CA	0.441
holding gains around DD area we'll see long	$NFLX	0.304
today's losers	$BLUE	-0.317
bearish outside day tuesday significant NN day resistance still intact opinion	$SDS	-0.520
commodity channel index indicator signaled oversold #stockmarket	$FB	0.324
can't get back DD lol jeez	$TSLA	-0.219
yeah lets go NNs lol	$TSLA	-0.355
DD lower bollinger band DD #regn	$REGN	0.345
airplane hospitality industries set sights #cuba	$AAL	0.405
sector stocks leading today	$LNC	0.454
impressive numbers oracle pops earnings; adobe poised follow via @thestreet #commerce #saas	$ADBE	0.342
utilities still inside range triangle trying break NNday sma served perfect support/resist NN mos	$XLU	-0.064
still holding NN yday biggie	$RXII	0.383
bot NN NN	$TZA	0.208
buyback trending right spending shares pricier hopefully pull back w NN NN qNN closing vwap	$CPIX	-0.231
debt anyway eating RR ebit becomes risk capital guaranteed interest payouts lost huge still hopeful	$PAL	-0.172
shorting pig Qmark sounds emotional great way trade	$SPY	-0.457
active puts @ cboe; RR/NN NN oct NN & jan NN janNN NN	$AAPL	-0.490
deutsche bank cuts	$SBUX	-0.539
sector stocks leading today	$DHI	0.454
breakout today reporting earnings last night	$FTI	0.554
short setups looking nice really nice |	$AMGN	-0.464
sold jan NN DD puts lows pull back	$AAPL	-0.336
people thk failure 'cos jst RR users bt they're forgetting potential relative value users	$FB	0.107
sold NN DD hedging NN letting calls ride solo	$TZA	0.385
u active stock wars NN RR NN RR NN RR NN RR NN RR #stockwars	$AMZN	0.246
NN RR NN RR NN RR NN RR NN RR NN RR NN RR NN RR NN RR NN RR NN RR	$SLW	0.149
google ibm arm amd begin assault intel's server franchise	$IBM	0.348
@weezymiyagi cook supply chain expert u think would allow shortage deter Qmark//sorry longs correction mode $$	$QCOM	-0.420
NN longs RR/NN close NN NN NN NN NN NN NN NN NN NN NN NN NN NN i'm NN RR Qmark	$GE	0.511
take shot NN NN	$UVXY	-0.223
relief rally becomes belief rally Qmark	$SPY	0.387
hits NN bounces time buy	$AAPL	0.506
china overtake us largest online gaming market says report	$NQ	0.226
notable gainers among liquid option names morning include NN RR NN RR NN RR NN RR NN RR	$WDC	0.513
NN days without even one dollar pull back see big day near future dont know	$AAPL	-0.424
NN longs RR/NN close NN NN NN NN NN NN NN NN NN NN NN NN NN NN i'm NN RR Qmark	$SWHC	0.511
hope crush Emark	$DDD	0.012
china winners	$CTRP	0.452
downbeaten stocks may ripe buys	$AA	0.316
oil prices oil stocks looking less cheap	$AREX	-0.420
still	$TZA	0.309
RR since RR buy signal resistance NN NN expect NN pullback NNnd half day NN break abov NN NN & continue rally NN days	$OSUR	0.552
increases annual dividend target DD/share DD/share	$LNT	0.324
today's close RR/NN i'm long longer term technical swing long basis	$TWTR	0.591
#china #electriccar maker china car sales NN RR also may feed momentum run lately	$TSLA	0.225
dji overbought	$CVX	-0.296
looks set fall	$MCD	-0.545
pretty steady accumulation support today purdy	$AGU	0.464
NN⃣NN⃣biggest market losers	$ZYNE	-0.369
hits high DD Emark NN RR friday's DD buy call Emark	$MINE	0.120
gopro closes near key support zone @bartscharts	$GPRO	-0.239
lot high flyers like position r getting wings clipped today would blame NNonth comment yellen	$NFLX	-0.294
staying open good sign Emark Emark Emark	$RNN	0.551
downgrades #stocks #investing #tradeideas	$MFA	-0.463
NN RR NN awful NN NN	$SLV	-0.591
getting killed calls we`ll see happens next	$CSCO	-0.421
DD support hope holds look	$ATRS	0.036
stole tweet really surprised took NN pinned around rt @totalguru could possibly even seeNN today	$AAPL	0.142
putting little short prevailing wisdom notwithstanding	$F	-0.454
equities recently tagged #undervalued closingbell community	$GPRO	0.353
higher expected much lower hmmm	$NFLX	0.403
long april DD calls	$XLU	0.725
reports qNN eps DD vs DD est; revenues DDm vs DDm est	$FIX	0.166
bullish stocks twitter dip	$GOOGL	0.408
put money better option drug already make money n indication potential next qe	$HZNP	0.333
rt @woowtrading checkout chart cautious u late party	$ARNA	-0.273
exit reversal NN x NNk shares DD long getting follow either side price action	$ENDP	0.469
adding puts mentioned earlier easier play right short term	$AMZN	-0.509
yahoo's getting lots attention verizon still bidder beat	$YHOO	0.200
going	$COMPQ	-0.559
@dynaxjobs bullish analystsstock tickr michael james enterprises incmonday sold	$ACET	-0.485
windows NN awful force upgrade pc without consent Qmark #windows #microsoft	$MSFT	-0.490
breakout watch tues	$NLSN	0.352
yelp Emark china onboard looking good paris conference december	$PLUG	0.437
reporting today reward better good earnings sold NN last two days yet rallied	$SU	0.285
record number passengers served NN #airlines	$ALK	0.638
worst stock NN	$JCP	-0.942
record number passengers served NN #airlines	$DAL	0.638
chinese adr's heading higher watchlist	$YOKU	0.298
isolationism Qmark another sell rating sell ratings spy qqq iwm several companies	$BLUE	-0.389
institutions seem like class stocks NNRR shares	$SPN	0.422
like idea people think safe market drops Emark Emark Emark proven minutes ago	$AAPL	-0.399
camera protruding like losing #samsung #iphoneNN #iphonese #samsunggalaxy	$AAPL	-0.283
@pinoyplaya balance sheet value penney stock Emark Emark Emark	$PLUG	-0.507
watchlist top	$APC	0.342
upgraded buy @ argus w/ DD pt almost think NNpt run NN weeks would sell signal	$TSLA	0.349
@dividendmaster model x recall stock still green x rocket Qmark	$TSLA	0.274
ah bottom losses NN NN NN NN NN NN NN NN RR	$CWEI	-0.434
like christmas may	$FB	0.341
get wealthy #zuckerberg & #fb added productivity like #gates #jobs #ford #ellison fb's glorified scrapbook	$FB	-0.270
morning movers starbucks slips downgrade; arcelormittal gains @barronsonline	$MT	0.336
looking sales curious drop among #oversold	$ICLR	0.406
@vegastraderNN looks like good entry	$QIHU	0.453
NN support	$IBB	0.188
tensions grow china japan islands @mktplaceradio	$EWH	-0.059
play longs	$SA	0.273
ah bottom losses NN NN NN NN NN NN NN NN RR	$CTRP	-0.367
u think pandora game changer please check spotfy	$P	-0.393
support NN NN	$AMRN	0.117
bullish stocks twitter dip	$STZ	0.408
pivotal sees RR upside alphabet	$GOOGL	0.372
know back seat Qmark sit tesla recalls NN NN model x cars	$TSLA	-0.319
breaking good vol parser buy signal noticed bob langs comments looking NN fast	$CTRP	0.418
ah bottom losses NN NN NN NN NN NN NN NN RR	$OASM	-0.340
#fang NN vs ytd RR vs NN RR vs NN RR vs NN RR vs NN RRs&p NN NN RR vs NN RR	$FB	0.225
free money NN almost easy sell open every day	$AAPL	-0.126
trades today currently NN RR net long ended day NN RR due NN RR NN RR NN RR NN RR	$JJSF	-0.102
highest call put ratio	$INVA	0.348
google inc completes acquisition icoa inc	$GOOG	0.264
gift weekly NNs NN play RR announcement sell NN target	$TSLA	-0.287
trades mid upper range break yet either direction	$AMZN	0.059
squeezes nakeds might lose everything i've played game head handed go elsewhere	$SGYP	0.053
said decision patents look strong com	$AMRN	0.357
unusual call activity	$CMG	0.332
cisco agree buy RR get RR return	$CSCO	0.346
baltic dry index lower NN days NN years	$BDI	-0.482
stalled @ NN NN previously looking enter near DD	$NFLX	0.258
c'mon bulls buy dips Emark	$SPY	0.228
@businesstechsa buy alert bellmichael james ent buying	$EBAY	-0.517
stock high probability rallying tomorrow and/or early next week	$VOLC	0.720
sell sell sell short sell idiots leave em holding bag going end like worthless bloated pos	$VRX	-0.392
breakout DD would constitute technical entry short term trader	$YHOO	0.389
red dragging	$QQQ	-0.416
china winners	$BIDU	0.452
@weezymiyagi cook supply chain expert u think would allow shortage deter Qmark//sorry longs correction mode $$	$AAPL	-0.335
@markbspiegel powerwall "crazy hook" revenues/profits Qmark hyping DD short	$TSLA	-0.276
back NN NN hours good news coming i'll hold thirty large make beg like dog buy @ NN NN	$ANTH	0.436
nice see turn corner Emark better plugging believe Emark	$PLUG	0.302
crazy ceo marissa mayer would receive multiple millions dollars failing turn around #fresheyes	$YHOO	-0.504
drugs biotech getting perky via @barronsonline	$MRK	0.387
profit taking morning Qmark pressure stock i'm still bullish	$AAPL	0.406
hit short term target NN sma expecting retest retest gap even meeting Qmark	$AAPL	0.160
rt @erob next long i'm eyeing DD/i'm going one NN shares though	$NSM	0.426
draghi start soon maybe new buy program	$SPY	0.173
unusual call buying NNx average volume NNx NNx NNx NNx NNx NNx NNx	$DVN	0.336
boosts oil production record talks cap output via @business	$SPX	-0.241
reasons caution chinese stocks	$DANG	-0.317
short setups looking nice really nice |	$HRTX	-0.464
hits high DD Emark NN RR friday's DD buy call Emark	$ANPPF	0.115
@jackhoya hell would touch right Qmark" bought steve jobs passed away antennagate happened	$AAPL	-0.433
@byrnerws using cloud	$AAPL	0.241
pie sky Qmark	$AMZN	0.365
trade ideas matthews international corporation matw today's strong radar stock	$MATW	0.471
@rjr went long short acct Emark good one lol	$AAPL	0.000
synergy pharma soars RR today positive phase NN results	$SGYP	0.623
unusual call activity	$ASHR	0.421
another NN week tight pattern trigger NN NN	$AMT	0.000
moved upper bollinger band	$TXN	0.498
breaking	$AMZN	0.251
NN calls buying activity expiring NNth mar vol NN	$TRIP	0.473
unusual call activity	$C	0.332
downgrade good opportunity buy sell buy taxable event Emark	$SBUX	0.255
earnings season underway slipping NN % report today close railroad stock others report	$CSX	0.000
breaking	$CTRP	0.364
suggestion puts buy see going NN	$AAPL	-0.487
anyone know what's big sell Qmark	$CYBX	-0.471
NN top japan etfs surge higher NNh	$ITF	0.456
closed buy NN NN lots NN NN NN NN pips total today NN NN pips visit trades	$FB	0.466
vivus bear raid effect stock RR	$VVUS	-0.570
massive short squeeze opportunity here; similar happened & corzin; puts hghst since 'NN	$GMCR	-0.201
NN NN dj ak steel revenue rises RR auto sector demand acquisition	$AKS	0.420
best stocks NN | via @reformedbroker	$CAT	0.463
board assess alibaba softbank proposal wsj sources	$YHOO	0.196
NN RR NN NN picking speed may NN calls RR NN next week DD calls NNc	$SDS	0.410
@ophirgottlieb stock ripping &gt;	$COWN	0.243
missed big time low NN's back nov NN get punked one NN NN	$ACAD	0.306
excited may take visit NN whole foods market slated open doors may NN silver lake la	$WFM	0.417
NN/NN trends turn bullish today resistance level DD	$BBRY	0.561
homebuilders lead sustained stock market rally Qmark	$XHB	0.156
full bull call spread ranging july jan NN lets see baby	$AMRN	0.681
RR peter smedley reiterates jd sports fashion buy & ↑tp ahead fyNN thurs NN april "forecast risk firmly upside" #panmure	$JD	0.479
institutions seem like class stocks NNRR shares	$BHI	0.422
commented time embrace dividend growth	$WYN	0.284
nobody wants electric car even cheap	$TSLA	-0.251
stock climbs barron's sees RR upside jim cramer's take	$AAPL	0.517
rt expstocktrader homework co founder new stock get ground floor	$AAPL	0.000
jetblue short squeeze ready upside w crossing important technical level	$JBLU	0.532
launching marketing cloud Qmark even compete vs Qmark threaten data partnership still keeps relevant Qmark	$NLSN	0.365
addding tsla ss added small vrx long	$VRX	0.443
hits high DD Emark NN RR friday's DD buy call Emark	$LIFE	0.422
oil prices oil stocks looking less cheap	$OIL	-0.420
who's buying Qmark	$GTAT	0.111
#ftseNN ends gains anglo american jumps	$RIO	0.111
component supplier falls sale	$CRUS	-0.401
nice day rally Emark	$AMZN	0.529
hod posted buy pm DD	$EFUT	0.354
jeff smith fire marissa mayer back NN	$YHOO	-0.327
@tstrar @optiongoddess looking good	$YELP	0.400
amazing run since middle march obvious quality/tastiness burgers factored price advance	$SONC	0.666
vr headsets generate DDm revenue NN #virtualreality	$FB	0.236
could lotto winners	$SRPT	0.290
abc bullish pattern targets	$CHKP	0.496
institutions seem like class stocks NNRR shares	$FTI	0.422
sirius xm's lucrative e sports opportunity	$SIRI	0.348
w/ solid start #ecommerce checkout momentum tbd wwdc #fintech #digitalwallets	$V	0.388
NN million new internet users added globally every year	$AMZN	0.337
equity indexes working positive engulfing march small caps / semis fakeout b/out	$SMH	0.308
big year delivers DDm pay hike ceo bradway DDm #pharma @tracystaton	$AMGN	0.428
much better day	$GRPN	0.377
added nxpi going DD next earnings mmw's Emark	$NXPI	0.603
going back slowly; tcNN alert example glb;	$TSE	0.119
added long friday close	$BLUE	0.513
nice day rally Emark	$WMT	0.529
fast NNpc dive $$	$SPY	-0.260
gold miners bullish percent index weekly RR/NN	$GDX	0.000
active puts @ cboe; RR/NN NN oct NN & jan NN janNN NN	$LAMR	-0.490
@daddeo u still Qmark wanted get morning missed Emark	$ECA	0.376
bot NN NN	$KCG	0.384
regional bank clearing new NNweek high good base relatively thin	$OKSB	0.384
vision short term consolidation movement higher	$NFLX	0.231
still dog going much lower week	$FB	-0.421
china electric car maker china car sales NN RR also may feed momentum run lately #tesla #trade	$TSLA	-0.057
scans later couple notes rarely intermarket rs list NNpt mover week went NN NN	$GLD	0.462
remember squeeze market dips	$JCP	0.360
rt keep eye @rsblades needs make solid break thru current resistance DD could run DD short order	$AWAY	0.184
rsi lowest level since october NN	$DIA	0.165
activision blizzard media networks announces record #esports viewership partnered NN #tournament	$ATVI	0.259
well go least know sector white hot next week huge buy names nice work	$NUE	0.608
NN times advertisers Qmark @jack @support suspends advertisers explanation #custserv	$FB	0.528
@binksterNN er's lol looking correlation foreign price charts poised breakout	$ARIA	0.500
aapl day lowsee #share	$INFI	-0.007
back highs energy play trying break NN day range NN NN long #stocks #investing #tradeideas	$SDRL	0.651
indexes & industry groups track closed friday rs line new highs	$SOX	0.371
gonna start shorting every RR move	$UGAZ	-0.620
@ivanhoff large cap tech finally trying catch rest market	$QQQ	0.373
got good news today exercised option take cdNN program outside n & china & pay DDmln fee	$JUNO	0.455
room go	$ESRX	0.420
dilution scare Emark Emark Emark	$ETRM	0.221
bumped resistance NN times NNin NNth charm Qmark	$CLF	-0.067
boosts oil production record talks cap output via @business	$NUGT	-0.241
watch momentum DD	$NVDQ	0.405
tesla RR yearly return ordinary occurrence	$TSLA	0.342
gonna short tomorrow's opening	$TSLA	-0.641
riding NNdma higher dropping NNdma dips sign healthy advancing stock stays NNdma	$ATHX	0.401
oh man want big would awesome tomo Emark @nbardta @gatorbay @themoneysquare @optionassassin	$SPY	-0.675
intuitive surgical great financial position take look	$ISRG	0.406
day traders flushed start going slowly	$RNN	0.411
today's losers	$ICPT	-0.317
may lower entry point confirm chart update explains key points confirmation key	$PX	0.279
charts flashing oversold	$RAD	0.269
long NN NN	$TSPT	0.499
ackman’s pershing square trims stake mondelez	$MDLZ	-0.498
#fintech provider cachet financial solutions surging forward today post earnings NN RR #momo	$JKHY	0.000
sto apr RR call spreads NN NN	$FB	0.347
NN best analyst rated stocks last NNhrs view ratings	$ORCL	0.509
beat estimates still go lack new products	$AAPL	-0.248
@plennejm think plenty room run lots momentum continue pushing new highs currently pt DD	$JAZZ	0.570
dump minor loss Emark	$ASTX	-0.676
NN puts lookin' ill lets burn Emark looking bottom NN NNish Emark	$SPY	-0.382
hear short crap every time jumps back range NN bucks	$SINA	0.328
@gerberkawasaki bit disappointed apple watch expecting bigger updates otherwise long	$AAPL	0.232
bottom right Qmark	$PRGN	0.265
accumulating gobs outshined $$	$ET	0.448
charter stock gains ahead fcc approval time warner cable deal #stockaction	$CHTR	0.431
good morning Emark here's trending among #investors morning	$OUTR	0.216
anyone else see issue wonder stock sucks	$EBAY	-0.454
unusual call activity	$GOOG	0.332
@beckyhiu green lol make cover ugliness #ftw rs yesterday boom today	$RDEN	0.242
NN⃣NN⃣biggest market losers	$ASPS	-0.438
unusual call activity	$CLF	0.332
quality stocks high cash returns	$PPC	0.274
play longs	$HTS	0.273
NN⃣NN⃣biggest market losers	$VRX	-0.438
bmw takes leap ahead tesla #carshare #sustainabletransport @teslamotors	$BAMXY	0.567
short interest increases yet via @ryandetrick	$SPY	-0.502
#netflix raising prices NN subscribers DD paying DD paying DD next month cancel Qmark	$NFLX	-0.131
covered last NN NN	$SCTY	0.309
#fedday looking sharp move equities seeing getting hammered even though market	$HD	0.366
fear mechanically driving public markets lower record corp cash & cheap financing fueling wave acquisitions	$TEA	0.390
juniper tumbles qNN warning; cisco also lower	$JNPR	-0.556
nice names watch tomorrow long DD short DD potential r/g short DD #stocks	$TNET	0.000
decent pull back	$WX	-0.325
google baidu tesla fast track create 'robot cars' #autonomous #selfdrive	$GOOGL	0.268
surprised DD oil cheaper oil introduce shipment higher tanker rates	$FRO	0.150
play today aint bad iether	$WYNN	0.345
NN points yesterday's trade entry alert target DD @bullsonwallst	$AMZN	0.426
@agentzero jim cramer recommend last week Qmark what's behind drop Qmark" haha Emark	$AMBA	-0.415
pure garbage stock	$EBAY	-0.946
whole semiconductor space looks interesting chart wise	$SMH	0.333
sheryl sandberg sells NN NN shares facebook inc stock via @ratingsnetwork	$FB	-0.186
qNN disappoints #software licenses real problem Qmark #cloud growth trails	$ORCL	0.181
cnbc up'd short lololol @keytraderNN @camillehurn @wartenberghans @traderscom @johnconaway @ultrashortNN @thedaytradr	$V	-0.377
@sherylsandberg stock split Qmark sure psychological would likely buy DD stocks DD stocks	$FB	0.275
@dasan best case NN years different today efficient boring	$GOOG	0.118
update buy point changed NN NN today	$AMZN	0.194
seat belt recall Qmark cares i'm buyer	$TSLA	0.598
stocks higher afternoon trade; intel nears buy point	$UA	0.314
NN puts lookin' ill lets burn Emark looking bottom NN NNish Emark	$AAPL	-0.382
i'm glad got stopped DD weeklies enter next monday #earnings run	$AAPL	-0.039
NN RR	$QLYS	-0.259
covered call alerts & investorsobserver today #optionstrading #coveredcalls	$SCTY	0.329
sold half long DD DD entry yesterday noted moved stop entry price	$UGAZ	0.259
RR upside left next NN mnths based nov NN RR based july NN history rhymes	$BIDU	0.222
jan sinking ship	$HK	-0.573
jan NN NN put big print NNk DD	$SYMC	-0.451
NN longs RR/NN close NN NN NN NN NN NN NN NN NN NN NN NN NN NN i'm NN RR Qmark	$CLWR	0.511
@stocksthattalks loading Qmark future profits huge surely investing stock based qNN	$YELP	0.294
major pump dump coming week follow money	$OCN	-0.133
rt @stocktwitsNN mostly red tape morning biggest stNN gainers	$PKT	0.452
still like challenge trade i'll wait little longer entering	$UGAZ	0.168
@catskillfishing note monthly chart & recaptured support possible double bottom set	$GLD	0.272
short week next week charts targeting high DD DD DD still holding NN shares NN sl NN NN	$TZA	-0.134
breaking NN week highs timing looks great	$IGE	0.419
jetblue short squeeze ready upside w crossing important technical level	$MGM	0.219
clearing descending trend line / buy area	$AAPL	0.529
google ibm arm amd begin assault intel's server franchise	$INTC	-0.302
today bought	$YHOO	0.087
@hNNkNN sounds like getting treatment analysts conjuring metrics bring boost short positions	$AAPL	-0.312
tv remote control maker surges deal comcast	$CMCSA	0.395
chanos pick one would	$STX	0.489
stocks higher afternoon trade; intel nears buy point	$AA	0.314
@daytraderbio sure see much side thus week	$TSLA	-0.189
memories one believes flyin' anymore	$PCLN	-0.287
NN NN	$TNA	0.322
